KXCRICKETODIMATCH	Cricket ODI Match	Sports
KXNHLGAME	NHL Game	Sports
KXWMARMAD	March Tournament (W)	Sports
KXWBCGROUPQUAL	WBC Pool Qualifiers	Sports
KXNCAABBGS	College Baseball Golden Spikes Award	Sports
KXSOCCERTOTAL	Soccer Goal Total	Sports
KXNFLEXACTWINSWAS	Pro football exact wins Washington	Sports
KXNCAAMBASUN	Atlantic Sun Conference Tournament	Sports
KXSTANCOACH	Stanford Next Coach	Sports
KXVALORANTGAMETEAMVSMIBR	TEAM VS. MIBR	Sports
KXMLBWORSTRECORD	Pro Baseball Best Record	Sports
KXUFCLHEAVYWEIGHTTITLE	UFC Light Heavyweight Title	Sports
KXMLBHIT	Pro Baseball Hits	Sports
KXUFASOUTH	Ultimate Frisbee Association South Division Winner	Sports
KXEFLCUP	EFL Cup Winner	Sports
KXWNBAMVP	Pro Women's Basketball MVP	Sports
KXNFLDPOY	NFL Defensive Player of the Year	Sports
KXSERIEBGAME	Serie B Game	Sports
KXUCLRO4	UCL Advance to Round of 4	Sports
KXNBASOUTHWEST	NBA Southwest Division Winner	Sports
KXNCAAFD3	D3 College Football Champion	Sports
KXCLUBWCGF	Club World Club Group F	Sports
KXGOLFMAJORS	Golf Majors Won	Sports
KXNBAPA	Pro Basketball Points + Assists	Sports
KXNBACOY	Pro Basketball Coach of the Year	Sports
KXNFLNFCCHAMP	National Football Conference Champion	Sports
KXNFLAFCSOUTH	American Football Conference South Winner	Sports
KXNCAAMBWAC	Western Athletic Conference Tournament	Sports
KXKLEAGUEGAME	Korea K League Game	Sports
KXO13MENSINGLES	Open 13 (Marseille) Mens' Singles	Sports
KXCBAGAME	Chinese Basketball Association Game 	Sports
KXWCCREG	West Coast Conference Regular Season Champions	Sports
KXFIFAGAME	Fifa Game	Sports
KXNFLDRAFT1ST	Make the 1st pick in NFL Draft	Sports
KXNBA2QTOTAL	NBA 1st Quarter Total	Sports
KXNCAAFCSGAME	College Football FCS Game	Sports
KXNBADRAFTTRADE	NBA Draft Trade	Sports
KXPGARYDERCUPD2	Ryder Cup Day 2 Winner	Sports
KXMULTIPREPACK	Cross Sport Prepack	Sports
KXNCAAF	NCAAF Championship	Sports
KXNFLSHORTESTTD	Pro Football Shortest Touchdown	Sports
KXEWCMOBILELEGENDSBBWOMENS	Mobile Legends: Bang Bang Women's Invitational at 2025 Esports World Cup	Sports
KXEWSLGAME	England Women's Super League Game	Sports
KXNCAAMBBIGEAST	Big East Conference Tournament	Sports
KXTEAMSINWS	Teams in MLB Finals	Sports
KXNWSLGAME	NWSL Game	Sports
KXBBSERIEAGAME	Italy Serie A Basketball Game	Sports
KXNFLMOSTRSHYDS	Pro Football Most Rushing Yards	Sports
KXCSGOGAME	Counter-Strike 2 Games	Sports
KXMLBWINS-SF	Pro baseball wins San Francisco	Sports
KXMARMAD	College Basketball Champion	Sports
KXNYKCOACH	KNICKS	Sports
KXPICKLEBALL	pickleball	Sports
KXMARMADSEEDDIF	March Madness Biggest Upset	Sports
KXNFLLARGESTLEAD	Pro Football Largest Lead	Sports
KXNCAAFBB12	Big 12 Champion	Sports
KXMLBWINS-CLE	Pro baseball wins Cleveland	Sports
KXCSGOMAP	CSGO Map Winner	Sports
KXNEWCOACHCHIBEARS	Chicago Bears new coach	Sports
KXWO-MEDALS	Winter Olympics Most Medals	Sports
KXNBA2HWINNER	Pro Basketball 2nd Half Winner	Sports
KXINTERCUPADVANCE	Intercontinental Cup To Advance	Sports
KXLIVTOUR	LIV Tour	Sports
KXT20FOUR	T20 Total Fours	Sports
KXNFLPREPACKSGPSPREAD	MVE NFL Pre Pack	Sports
KXBUNDESLIGASPREAD	Bundesliga Spread	Sports
KXEPLSPREAD	English Premier League Spread	Sports
KXATPRANK	ATP #1 Ranked Player	Sports
KXNFLAFCEAST	American Football Conference East Winner	Sports
KXCHOVYMVPBP	Will Chovy be the MVP of the Worlds finals	Sports
KXPGASOLHEIM	Solheim Cup	Sports
KXPHOENIXOPEN	Phoenix Open	Sports
KXCHNSLGAME	Chinese Super League Game	Sports
KXPGAMAJORWIN	PGA Major Winner	Sports
KXNASCAR	NASCAR Cup Series playoffs	Sports
KXUFLXFLCONF	UFL XLF Conference Champion	Sports
KXMLBSERIESEXACT	Professional Baseball Series Exact Result	Sports
KXIPLFINAL	IPL Final	Sports
KXAFRICAF1	Africa F1 grand prix	Sports
KXNCAAMBOV	Ohio Valley Conference Tournament	Sports
KXF1	Formula 1	Sports
KXSHLGAME	SHL Game	Sports
KXNBASHOOTINGSTARS	Pro Basketball Shooting Stars Contest	Sports
KXSPELLINGBEE	Who will win the SF Inaugural Spelling Bee	Sports
KXNCAAFPREPACKSGP	MVE NCAAF Pre Pack	Sports
KXNFLGAMEFG	Pro Football Field Goals	Sports
KXNFLDROTY	AP Pro Football Defensive Rookie of the Year	Sports
KXWNBADRAFTTOP3	WNBA Draft Top 3	Sports
KXUCL	UEFA Champions League	Sports
KXIEMCHEN	Who will win the IEM Chengdu 2025	Sports
KXNFLEXACTWINSIND	Pro football exact wins Indianapolis	Sports
KXWOMHOCKEYSPREAD	Winter Olympics Men's Hockey Spread	Sports
KXSOCCERTRANSFER	Soccer Transfer	Sports
KXVALORANT	Valorant Tournament Winner	Sports
KXKNVBCUP	KNVB Cup Winner	Sports
KXBRASILEIROGAME	Brasileiro Serie A Game	Sports
KXNBA1QWINNER	NBA 1st Quarter Winner	Sports
KXMCGREGORFIGHTNEXT	McGregor fight next	Sports
KXSERIEATOTAL	Serie A Total	Sports
KXMLBWINS-ATH	Pro baseball wins A's	Sports
KXNBAWINRECORD	OKC NBA Win Record	Sports
KXTENNISEXHIBITION	Tennis Exhibition Match	Sports
KXNBASTL	Pro Basketball Player Steals	Sports
KXSPORTSIGNPEREZ	Perez	Sports
KXNHLCALDER	NHL Calder Memorial Trophy	Sports
KXALEAGUEGAME	Australian A League Game	Sports
KXREBOOT	Reboot	Sports
KXSTARTINGQBWEEK1	NFL Starting QB Week 1	Sports
KXUCLFINALIST	UCL Advance to the Finals	Sports
KXFOODCONSUMEDSOURAJI	X	Sports
KXT20SIXES	Cricket Number of Sixes	Sports
KXNBA3PTCONTEST	NBA 3-Point Contest Winner	Sports
KXUEL16GALAZA	Europa League round of 16 - GAL AZA	Sports
KXLIVTOP10	Liv Top 10 Finisher	Sports
KXUCLADVANCE	Champions League Advance	Sports
KXNBA3QWINNER	NBA 3rd Quarter Winner	Sports
KXATPNEXTGEN	ATP Next Gen Finals	Sports
KXNFLFIRSTTDTIME	Pro Football First Touchdown Time	Sports
KXNBADRAFTCAT	Pro Basketball Draft Category	Sports
KXTOURDEFRANCE	Tour de France winner	Sports
KXNCAAMBGAME	Men's College Basketball Men's Game	Sports
KXNFLWINS-NE	Pro football wins New England	Sports
KXNFLWINS-ARI	Pro football wins Arizona	Sports
KXLIIGAGAME	Liiga Game	Sports
KXMANTISFREETHROW	MANTIS FREE THROWS	Sports
KXBUNDESLIGABTTS	Bundesliga BTTS	Sports
KXMLBWORLD	World Baseball Classic	Sports
KXCHESSTTLATE	Chess Titled Tuesday Late	Sports
KXATPGAMETOTAL	ATP Total Games	Sports
KXNHLHART	NHL Hart Memorial Trophy	Sports
KXNBAWEST1SEED	NBA Western Conference 1 Seed	Sports
KXBIG12REG	Big 12 Regular Season Champions	Sports
KXVALPLPHIL	Valorant Predator League Phillippines	Sports
KXWTAMIA	WTA Miami	Sports
KXNFL1QTOTAL	Pro Football 1st Quarter Total	Sports
KXPGATIGER	Tiger Woods PGA	Sports
KXATPWDDF	ATP Tour Dubai Duty Free	Sports
KXNBATOTAL	Pro Basketball Total Points	Sports
KXNFLDPOTY	AP Pro Football Defensive Player Of The Year	Sports
KXMARMADPTS	Men's March Madness Points	Sports
KXWO-HOCKEY	Winter Olympics Hockey	Sports
KXEPLGOAL	EPL Goalscorer	Sports
KXMLBALWEST	American League West Winner	Sports
KXNFLPLAYOFF	Pro Football Playoff Qualifiers	Sports
KXNFLWINS-CAR	Pro football wins Carolina	Sports
KXMLBSTATCOUNT	Pro Baseball Season Stat	Sports
KXNHLTOTAL	NHL Goal Total	Sports
KXNCAAMBIGEAST	Big East Men's basketball tournament	Sports
KXNFLDROY	NFL Defensive Rookie of the Year	Sports
KXWTAMATCH	WTA Tennis Match	Sports
KXNFLEXACTWINSNYJ	Pro football exact wins New York J	Sports
KXTTELITEGAME	TT Elite Series Table Tennis Game	Sports
KXNEXTTEAMCHRISPAUL	Next Team Chris Paul	Sports
KXNCAAMBBIG12	Big 12 Conference Tournament	Sports
KXTRUMPGOLF	Trump US gold championship	Sports
KXABAGAME	ABA League Game	Sports
KXMAKEMARMAD	Make March Madness Tournament	Sports
KXAOMENSINGLES	Argentina Open men's singles	Sports
KXMLBASGAME	Professional Baseball All-Star Game	Sports
KXNCAAMBBWEST	Big West Conference Tournament	Sports
KXNFLAFCCHAMP	American Football Conference Champion	Sports
KXATPTOTALSETS	ATP Total Sets	Sports
KXAFLGAME	AFL Game	Sports
KXVALORANTGAME	Valorant game winner	Sports
KXHOLEINONE	Golf Hole in One	Sports
KXNFLWINS-SEA	Pro football wins Seattle	Sports
KXIPLGAME	Indian Premier League Cricket Game	Sports
KXWBCMIDDLEWEIGHTTITLE	Boxing Middleweight Title	Sports
KX1STHOMEGAME	First Home Game Opponent	Sports
KXEPLBTTS	EPL Both Teams to Score	Sports
KXWOSKEL	Winter Olympics Skeleton	Sports
KXAUBCOACH	Auburn Next Coach	Sports
KXCHESSGAME	Freestyle Chess	Sports
KXPPLGAMES	PPL games	Sports
KXRANKLISTSUI	Sui top 10	Sports
KXNFLCOMEBACK	Pro Football Comeback	Sports
KXWOMHOCKEYGOAL	Olympic Hockey Goalscorer	Sports
KXNFLWINS-WAS	Pro football wins Washington	Sports
KXNASCARTOP10	NASCAR Top 10 Finishers	Sports
KXNBATEAM	NBA team	Sports
KXNFLWINS-LAC	Pro football wins Los Angeles C	Sports
KXDOTA2	Dota 2 Tournament Winner	Sports
KXACQUIREREALMADRID	Real Madrid acquire	Sports
KXDAVISCUPADVANCE	Davis Cup Advance	Sports
KXLEADERMLBWINS	MLB Wins Leader	Sports
KXWOFSKATE	Winter Olympics Figure Skating	Sports
KXF1RACEPODIUM	F1 Race Podium Finisher	Sports
KXEPLGAME	English Premier League Game	Sports
KXUFCROUNDS	UFC Total Rounds	Sports
KXNCAAMBMAA	Metro Atlantic Conference Tournament	Sports
KXLAVERCUP	Laver Cup	Sports
KXNFLCELEBRITYGAME	Pro Football Celebrity Flag Football Game	Sports
KXNCAAMIVYLEAGUE	Ivy League MEN'S BASKETBALL TOURNAMENT	Sports
KXSSHIELDMATCH	Sheffield Shield Match	Sports
KXNBAEAST1SEED	NBA Eastern Conference 1 Seed	Sports
KXNFLNFCSOUTH	National Football Conference South Winner	Sports
KXNASCARCUPSERIES	NASCAR Cup Series Champion	Sports
KXMLBNLEAST	National League East Winner	Sports
KXFOWOMEN	French Open Women's	Sports
KXALPHAARENABASE	Alpha Arena Baseline	Sports
KXUFAWEST	Ultimate Frisbee Association East Division Winner	Sports
KXNCAABBIG10	Big Ten Men's Basketball Tournament	Sports
KXKYLEMILETIME	Will Nelk's Kyle Forgeard first mile be completed in 8 minutes	Sports
KXNBAREB	Pro Basketball Player Rebounds	Sports
KXMLBALMVP	Pro Baseball American League MVP	Sports
KXNFLEXACTWINSPHI	Pro football exact wins Philadephia	Sports
KXBUNDESLIGA	BUNDESLIGA	Sports
KXWTAATX	WTA Tour ATX Open	Sports
KXNCAAFGAME	College Football Game	Sports
KXSAGRANDSLAM	Freestyle Chess Grand Slam Final	Sports
KXLALIGARELEGATION	La Liga Relegation	Sports
KXCS2GAMES	Cs2 Games	Sports
KXLEADERNFLSACKS	NFL Sacks Leader	Sports
KXNBASERIES	Professional Basketball Series	Sports
KXSWIFTATTEND	NFL Attendance Swift	Sports
KXMLBALEAST	American League East Winner	Sports
KXNFLEXACTWINSATL	Pro football exact wins Atlanta	Sports
KXNFL1YDPASS	Seattle 1 Yard Pass	Sports
KXMLBNLROTY	Pro Baseball National League Rookie of the Year	Sports
KXYTDAILYTOPVIDEO	DAILY TOP YOUTUBE VIDEO	Sports
KXCOUPEDEFRANCEADVANCE	Coupe de France To Advance	Sports
KXPHILIPRIVERSNFL	Philips Rivers Play This Year	Sports
KXBATTLEOFSEXESSET	Battle of the Sexes Set Winner	Sports
KXLOLGAMES	League of Legends Games	Sports
KXCLUBWCGH	Club World Club Group H	Sports
KXTEAMSINSB	Teams in Super Bowl	Sports
KXPGARYDERCUPD1	Ryder Cup Day 1 Winner	Sports
KXCHALLENGERMATCH	Challenger ATP 	Sports
KXNHLADAMS	NHL Jack Adams Award	Sports
KXEPLPOY	EPL Player Of The Year 	Sports
KXNFLEXACTWINSLA	Pro football exact wins Los Angeles R	Sports
KXNBAPACIFIC	NBA Pacific Division Winner	Sports
KXNFLEXACTWINSNE	Pro football exact wins New England	Sports
KXMLSSPREAD	MLS Spread	Sports
KXNFLGAME	Professional Football Game	Sports
KXNFLNFCWEST	National Football Conference West Winner	Sports
KXF1RACE	F1 Race	Sports
KXWCGAME	World Cup Game	Sports
KXNFLPASSYDS	Pro Football player Passing Yards	Sports
KXBBLGAME	Bundesliga Basketball Game	Sports
KXLEADERMLBHITS	MLB Hits Leader	Sports
KXNCAAMBAE	American East Conference Tournament	Sports
KXAACREG	AAC Regular Season Champions	Sports
KXCHARCOUNTLOLWORLDS	LOL worlds	Sports
KXFIBAECUPGAME	FIBA Europe Cup Game	Sports
KXDPWORLDTOUR	DP World Tour Tournament Winner	Sports
KXEWCDOTA2	Dota 2 at 2025 Esports World Cup	Sports
KXNFLCOTY	AP Pro Football Coach Of The Year	Sports
KXNCAAFCUSA	Conference USA Champion	Sports
KXNCAAMBSUN	Atlantic Sun Conference Tournament	Sports
KXNBADRAFTTOP30	NBA Draft Top 30 Pick	Sports
KXNASCARAUTOPARTSSERIES	NASCAR Auto Parts Series Champion	Sports
KXLEADERNFLPTDS	NFL leader passing TDs	Sports
KXNFLLONGESTTD	Pro Football Longest Touchdown	Sports
KXUCLWGAME	Champions League Women's Game	Sports
KXRANKLISTBONK	Bonk top 100 currencies by end of year	Sports
KXNBA2QWINNER	NBA 2nd Quarter Winner	Sports
KXNFLEXACTWINSCLE	Pro football exact wins Cleveland	Sports
KXNBADRAFTTOP20	NBA Draft Top 20 Pick	Sports
KXSPORTSIGNLBJ	LeBron James sign	Sports
KXNBADRAFT1	NBA Draft First Pick	Sports
KXLPGATOUR	PGA Tour	Sports
KXWNBASERIES	Professional Women's Basketball Series	Sports
KXTEAMSINSC	Teams in Stanley Cup	Sports
KXPGACURRY	Steph Curry PGA	Sports
KXNFCAFCSB	AFC NFC SB	Sports
KXMIDSEASONINVITATIONALB	2025 Mid-Season Invitational	Sports
KXIPL	IPL Winner	Sports
KXNBAFINALSVIEWER	NBA finals viewership	Sports
KXTULNCOACH	Tulane Next Coach	Sports
KXLAMINEYAMAL	Lamine Yamal	Sports
KXALEAGUESPREAD	Australian A League Spread	Sports
KXEGYPLGAME	Egyptian Premier League Game	Sports
KXNASCARRACEOLD	NASCAR Race winner	Sports
KXSTARTNO	NEW ORLEANS WEEK 1 QB	Sports
KXMLBWINS-COL	Pro baseball wins Colorado	Sports
KXVALORANTMASTERSFINALS	Who will win the VALORANT Masters Finals	Sports
KXAFC	AFC Championship	Sports
KXNBA4QSPREAD	Pro Basketball 4th Quarter Spread	Sports
KXNFLPASSTDS	Pro Football player Passing Touchdowns	Sports
KXFACUP	FA cup	Sports
KXNHLAST	Pro Hockey Assists	Sports
KXNCAAMBACHAMP	College Baseball Championship	Sports
KXNFLGAMETD	Pro Football Touchdowns	Sports
KXBOXING	Boxing Match Champion	Sports
KXNBACENTRAL	NBA Central Division Winner	Sports
KXCOPPAITALIAADVANCE	Coppa Italia To Advance	Sports
KXPSUCOACH	Penn State Next Coach	Sports
KXUFA	Ultimate Frisbee Association Champion	Sports
KXNFLWINS-JAC	Pro football wins Jacksonville	Sports
KXNFLANYTD	Pro Football Anytime Touchdown	Sports
KXMLBNLCENT	National League Central Winner	Sports
KXNCAAFCONF	NCAAF Championship Conference	Sports
KXNCAAFBSEC	SEC Champion	Sports
KXPGA	PGA Championship	Sports
KXSOCCERPLAYCRON	Cristiano Ronaldo world cup	Sports
KXALLSTARROSTER	All Star Roster	Sports
KXSONICS	Blazers become Sonics	Sports
KXMARMADUPSET	March Madness Upsets	Sports
KXNBACUP	Pro Basketball Cup Champion	Sports
KXLEADERNBABLK	NBA BPG Leader	Sports
KXWO-BIATH	Winter Olympics Biathalon	Sports
KXUECL	UEFA Conference League Winner	Sports
KXEPLTOP4	EPL top 4 teams	Sports
KXUCLGOAL	UCL Goalscorer	Sports
KXSURF	Surfing	Sports
KXMLSEAST	MLS Western Conference winner?	Sports
KXWBCGAME	World Baseball Classic Game	Sports
KXNBADRAFT5	NBA Draft Fifth Pick	Sports
KXNBACELEBRITYGAME	Pro Basketball All-Star Celebrity Game	Sports
KXNFLEXACTWINSLV	Pro football exact wins Las Vegas	Sports
KXNHLANYGOAL	Pro Hockey Goalscorer	Sports
KXSCOTTISHPREMGAME	Scottish Premiership Game	Sports
KXSOCCERBTTS	Soccer Both Team to Score	Sports
KXEUROCUPGAME	Eurocup Basketball Game	Sports
KXNEXTMANAGERCHELSEA	Next Manager Chelsea	Sports
KXNBA1QTOTAL	NBA 1st Quarter Total	Sports
KXITASUPERCUPGAME	Italy Super Cup Game	Sports
KXIPLFIRST10	IPL First 10 Overs Winner	Sports
KXMLBGAME	Professional Baseball Game	Sports
KXNFLHIRECOACH	NFL hire coach	Sports
KXUEL16TWEVIK	Europa League round of 16 - TWE VIK	Sports
KXEWCFREEFIRE	Free Fire at 2025 Esports World Cup	Sports
KXLALIGA2GAME	LaLiga 2 Game	Sports
KXMLSGAME	Major League Soccer Game	Sports
KXCHESSWORLDCHAMPION	World Chess Champion	Sports
KXNHLWEST	Western Conference Champion	Sports
KXIPLSIX	IPL Total Sixes	Sports
KXUCLTOP	UCL League Phase Top of Table	Sports
KXMLBSERIESGAMETOTAL	Professional Baseball Series Total Games	Sports
KXFIRSTPICKNBA	NBA first pick	Sports
KXKXECULPGAME	delete	Sports
KXCHESS	Chess Tournament Winner	Sports
KXODINVCTFINALS	Odin VCT finals	Sports
KXNFLREBOOT	Reboot Rules	Sports
KXSPORTSIGNINSPIRED	Inspired	Sports
KXWPLGAME	Women's Indian Premier League Cricket Game	Sports
KXCOACHOUTUNC	Bill Belichick Out	Sports
KXMLSBTTS	MLS BTTS	Sports
KXNHLROSS	NHL Art Ross Trophy	Sports
KXPICKLEBALLGAMES	Pickle Ball Games	Sports
KXPLAYEROPTION	Player option	Sports
KXATPANYSET	ATP Any Set Winner	Sports
KXWOALPSKI	Winter Olympics Alpine Skiing	Sports
KXNFLCONTRACTSIZE	Pro Football Next Contract Size	Sports
KXNBADRAFT7	NBA Draft Seventh Pick	Sports
KXJLEAGUEGAME	Japan J League Game	Sports
KXLEADERNBAAST	NBA APG Leader	Sports
KXUEL16AJAUSG	Europa League round of 16 - AJA USG	Sports
KXNHLMETROPOLITAN	NHL Metropolitan Division Winner	Sports
KXMLBWINS-HOU	Pro baseball wins Houston	Sports
KXNFLREDZONEBRANDADS	Redzone week 1 brand ads	Sports
KXUFCLIGHTWEIGHTTITLE	UFC Lightweight Title	Sports
KXNEXTMANAGERJUV	Next Manager of Juventus	Sports
KXCODGAME	Call of Duty Games	Sports
KXSIXKINGSQUARTER	Six Kings Slam Quarterfinals	Sports
KXTHAIL1GAME	Thai League 1 Game	Sports
KXWOFREESKI	Winter Olympics Freestyle Skiing	Sports
KXKYLE100MRUN	Kyle Foregeard 100 Mile Run	Sports
KXWO-STRACK	Winter Olympics Short Track Speed Skating	Sports
KXROMENSDOUBLES	Rio Open men Doubles	Sports
KXLEADERMLBRUNS	MLB Runs Leader	Sports
KXWBCMVP	WBC MVP	Sports
KXBOXING1MIN	Boxing 1 Minute Fight	Sports
KXZYWOOMVP	Will ZywOo be the MVP at the Budapest Major	Sports
KXWBCLIGHTWEIGHTTITLE	Boxing Lightweight Title	Sports
KXATPDOUBLES	ATP Doubles Tennis Match	Sports
KXNFLWINS-CIN	Pro football wins Cincinnati	Sports
KXNCAAFCOTY	College Football Coach of the Year	Sports
KXEKSTRAKLASA	Ekstraklasa Champion	Sports
KXBRASILEIROTOTAL	Brasileiro Total	Sports
KXLALIGATOTAL	La Liga Total	Sports
KXFOMEN	French Open Men's	Sports
KXNFLEXACTWINSNYG	Pro football exact wins New York G	Sports
KXEGYPL	Egyptian Premier League 	Sports
KXNCAAMBIVY	Ivy League Conference Tournament	Sports
KXFACUPADVANCE	FA Cup Advance	Sports
KXNCAABACC	ACC Men's Basketball Tournament	Sports
KXTABLETENNIS	Table Tennis Match	Sports
KXWBCHIT	World Baseball Classic Hits	Sports
KXNFLFIRSTPICK	First Pick in NFL Draft	Sports
KXNFLEXACTWINSSF	Pro football exact wins San Francisco	Sports
KXNBADRAFTTOP25	NBA Draft Top 25 Pick	Sports
KXWOLUGE	Winter Olympics Luge	Sports
KXLOLMAP	League of Legends Map Winner	Sports
KXFINALISSIMAGAME	Finalissima	Sports
KXALPHAARENAMONK	AlphaArena Monk	Sports
KXNCAAMBMW	Mountain West Conference Tournament	Sports
KXNBATOPPICK	Pro Basketball Draft Lottery Winner	Sports
KXNBA3QTOTAL	NBA 3rd Quarter Total	Sports
KXLALIGA1H	La Liga First Half Winner	Sports
KXMLBWINS-CWS	Pro baseball wins Chicago W	Sports
KXNFLPREPACK3ML	MVE NFL Pre Pack	Sports
KXNCAAFIVY	Ivy League Champion	Sports
KXDENSUPERLIGA	Danish Superliga Champion	Sports
KXNBALOTTERYODDS	NBA Lottery Winner Odds	Sports
KXUEL16BOGTWE	Europa League round of 16 -  BOG TWE	Sports
KXCLUBWCGE	Club World Club Group E	Sports
KXBRASILEIROTOP	Brasileiro Serie A	Sports
KXCOACHOUTMSU	Jonathan Smith Out	Sports
KXMLBEOTY	Pro Baseball Executive of the Year	Sports
KXNBAPTS	Pro Basketball Player Points	Sports
KXNFLGPICKENSCONTRACT	Pro Football George Picken's Next Contract Size	Sports
KXNBARA	Pro Basketball Rebounds + Assists	Sports
KXNFLPRIMETIME	Pro Football Primetime Games	Sports
KXMARATHON	Chicago Marathon winner	Sports
KXMLBWINS-BOS	Pro baseball wins Boston	Sports
KXWOHOCKEY	Winter Olympics Hockey	Sports
KXCRYPTOFIGHTNIGHT	Crypto Fight Night	Sports
KXCOPPAITALIAGAME	Coppa Italia Game	Sports
KXNHLGOAL	Pro Hockey Goalscorer	Sports
KXFOPENMENSINGLE	French Open men's singles	Sports
KXNBALASVEGAS	Las Vegas NBA team	Sports
KXNORWAYCHESS	Norway Chess Tournament	Sports
KXSTARTNYJ	new york jets week 1 qb	Sports
KXMLBWINS-KC	Pro baseball wins Kansas City	Sports
KXRANKLISTFFWR	TOP FANTASY FOOTBALL WR	Sports
KXNEWCOACHLV	Las Vegas Raiders New Coach	Sports
KXNFLWINS-GB	Pro football wins Green Bay	Sports
KXNFLEXACTWINSDET	Pro football exact wins Detroit	Sports
KXWBCSPREAD	World Baseball Classic Spread	Sports
KXPERLIGA1	Peru Liga 1	Sports
KXNFLREDZONEADS	NFL Redzone ads	Sports
KXCOPADELREYTOTAL	Copa del Rey Total	Sports
KXARGPREMDIV	Argentina Primera Division Game	Sports
KXNBA2D	Pro Basketball Double Double	Sports
KXNBAPREPACK2ML	2 ML Basketball Combo	Sports
KXTGLCHAMPION	TGL Champion	Sports
KXATPGRANDSLAMFIELD	ATP Grand Slam Field Winner	Sports
KXNCAABBIGEAST	Big East Men's Basketball Tournament	Sports
KXCHNSL	Chinese Super League	Sports
KXNBA3D	Pro Basketball Triple Double	Sports
KXBRASILEIROTOPX	Brasileiro Top X	Sports
KXMLSCUP	MLS Cup champion	Sports
KXNCAAMBAPRANK	College Basketball AP Poll	Sports
KXNCAAFB10	Big Ten Champion	Sports
KXWNBA7FIGS	7 Figure WNBA salary	Sports
KXMLBHRDERBY	Pro Baseball Homerun Derby	Sports
KXNFLEXACTWINSBUF	Pro football exact wins Buffalo	Sports
KXLIGAMX	Liga MX Winner	Sports
KXARGLNBGAME	Liga Nacional de Basquetbol Game	Sports
KXMLBWINS-LAD	Pro baseball wins Los Angeles D	Sports
KXFIDECHESSCHAMPION	FIDE Chess Championship	Sports
KXEFLCUPADVANCE	EFL Cup Advance	Sports
KXNFLOROY	NFL Offensive Rookie of the Y ear	Sports
KXAFCONADVANCE	AFCON To Advance	Sports
KXWO-SBOARD	Winter Olympics Snowboarding	Sports
KXLEADERNBASTL	NBA SPG Leader	Sports
KXLALIGATOP4	La Liga Top 4 Finishers	Sports
KXNBA3QSPREAD	Pro Basketball 3rd Quarter Spread	Sports
KXMLBNLCY	Pro Baseball National League Cy Young	Sports
KXBOXINGKNOCKOUT	Boxing Knockout	Sports
KXLOLTOTAL	League of Legends Total Maps Played	Sports
KXGOLFH2H	Golf Head-to-Head	Sports
KXVTBGAME	VTB United League Game	Sports
KXPGAR1LEAD	PGA Round 1 Leader	Sports
KXINDYCARRACE	IndyCar Race	Sports
KXNFLWINS-NO	Pro football wins New Orleans	Sports
KXNFLOROTY	AP Pro Football Offensive Rookie of the Year	Sports
KXSIXKINGSSEMI	Six Kings Slam Semifinals	Sports
KXNFLTOTAL	Pro Football Total Points	Sports
KXLOLGAME	League of Legends Game	Sports
KXUCLROUND	Champion's League Round	Sports
KXNFL1QWINNER	Pro Football 1st Quarter Winner	Sports
KXWO-FIGSKATE	Winter Olympics Figure Skating	Sports
KXMLB	World Series	Sports
KXWBCFLYWEIGHTTITLE	Boxing Flyweight Title	Sports
KXWO-XC	Winter Olympics Cross Country Skiing	Sports
KXF1TOP5	F1 Top 5 Finishers	Sports
KXWSOPENTRANTS	How many Entrants in a WSOP Main Event	Sports
KXNFLFIRSTTD	Pro Football First Touchdown	Sports
KXMLBWSMVP	Pro Baseball Championship MVP	Sports
KXWO-BRONZE	Winter Olympics Most Bronze Medals	Sports
KXCOACHOUTNFL	NFL Coach Out	Sports
KXMLBTOTAL	Pro Baseball Total Points	Sports
KXCHESSCANDIDATES	Chess Candidates Champion	Sports
KXGRANDSLAM	Grand Slam Wins by Year	Sports
KXJONJONESRETIREMENT	Jon Jones retirement end	Sports
KXNBADRAFTCONF	Pro Basketball Players Drafted by Conference	Sports
KXNHL4NATIONS	4 nations face off	Sports
KXNCAABIVY	Ivy League Men's Basketball Tournament	Sports
KXATPMAD	ATP Madrid	Sports
KXNCAAMBNEC	Northeast Conference Tournament	Sports
KXGBLGAME	GBL Basketball Game	Sports
KXNHLNORRIS	NHL James Norris Memorial Trophy	Sports
KXPGAMAJORTOP10	PGA Top 10 for All 4 Majors	Sports
KXUFLCHAMP	UFL Champion	Sports
KXASIACUPCRICKET	Asia Cup Winner	Sports
KXLEADERMLBHR	MLB Home Runs Leader	Sports
KXNCAAMBMEAC	Mid-Eastern Conference Tournament	Sports
KXWNBADELAY	WNBA Season Delay	Sports
KXAOWOMEN	Australian Open Womens	Sports
KXKLEAGUE	Korea K League Winner	Sports
KXNHLPACIFIC	NHL Pacific Division Winner	Sports
KXNHLMVP	NHL Hart Memorial Trophy Winner	Sports
KXEXHIBITIONWOMEN	Women's Tennis Exhibition Match	Sports
KXMLBWINS-STL	Pro baseball wins St. Louis	Sports
KXWMENSINGLES	WIMBLEDON men's singles	Sports
KXNCAAMBPAT	Patriot League Conference Tournament	Sports
KXUCL16RMAMCI	Champions League round of 16 - RMA MCI	Sports
KXNIKOAWPMAJOR	NiKo AWP Major	Sports
KXIWMEN	Indian Wells Men's Singles	Sports
KXATPMCO	Movistar Chile Open	Sports
KXPGATOP10	PGA Top 10 Finisher	Sports
KXNBADRAFTCOMP	Pro Basketball Draft Comparison	Sports
KXNEWCOACHNE	New England Patriots new coach	Sports
KXNFLGAMESACK	Pro Football Sacks	Sports
KXNCAAMB1HTOTAL	College Basketball 1H Total	Sports
KXATPGAME	ATP Tennis Winner	Sports
KXR6GAME	R6 Game	Sports
KXBRYSONCOURSERECORDS	Bryson Course Records	Sports
KXF1POLEPOSITION	Qualify in Pole Position	Sports
KXRANKLISTAPPREALSPORTS	Will 'Real Sports' be a top 10 sports app before Nov 15th, 2025?	Sports
KXNCAABBIG12	Big 12 Men's Basketball Tournament	Sports
KXWCLOCATION	World Cup Game Location	Sports
KXUNITEDCUP	United Cup Champions	Sports
KXSPORTSOWNERLBJ	LBJ owning team	Sports
KXDDFWOMENSINGLES	Dubai Duty Free Tennis Championships	Sports
KXLSUCOACH	LSU Next Coach	Sports
KXNHLWINS	NHL wins 	Sports
KXALPHAARENAAWARE	Situational Awareness	Sports
KXDJOKOVICRETIRE	Djkovoic	Sports
KXWO-SKIJUMP	Winter Olympics Ski Jump	Sports
KXSECREG	SEC Regular Season Champions	Sports
KXNEWCOACHUNC	University of North Carolina new coach	Sports
KXWOCURL	Winter Olympics Curling	Sports
KXNFLEXACTWINSHOU	Pro football exact wins Houston	Sports
KXNCAAWB	Women's March Madness Champion	Sports
KXBOXINGDISTANCE	Boxing To Go The Distance	Sports
KXLALIGA	LA LIGA	Sports
KXBUNDESLIGATOP4	Bundesliga Top 4 Finishers	Sports
KXNASCARTOP3	NASCAR Top 5 Finishers	Sports
KXNBA	NBA Championship	Sports
KXWCROUND	World Cup Reach Round	Sports
KXNBADRAFT6	NBA Draft Sixth Pick	Sports
KXNBA2HSPREAD	Pro Basketball 2nd Half Spread	Sports
KXARKCOACH	Arkansas Next Coach	Sports
KXEFLCHAMPIONSHIPGAME	EFL Championship Game	Sports
KXKNVBCUPGAME	KNVB Cup Game	Sports
KXNASCARTRUCKSERIES	NASCAR Truck Series Champion	Sports
KXLIGUE1RELEGATION	Ligue 1 Relegation	Sports
KXNBAPR	Pro Basketball Points + Rebounds	Sports
KXNFLPREPACKSGP	MVE NFL Pre Pack	Sports
KXSB	Super Bowl	Sports
KXNFL4QTOTAL	Pro Football 4th Quarter Total	Sports
KXSTARTCIN	Joe Burrow Week 12	Sports
KXSTARTNYG	NEW YORK G WEEK 1 QB	Sports
KXUELGAME	UEFA Europa League Game	Sports
KXNEWCOACHNO	New Orleans Saints new coach	Sports
KXLOLTOTALMAPS	League of Legends Total Maps	Sports
KXSCOTTIESLAM	Scottie grand slam	Sports
KXDFBPOKALGAME	DFB Pokal Game	Sports
KXMICHCOACH	Michigan Next Coach	Sports
KXNFLDRAFT1	NFL Draft First Pick	Sports
KXWBCTOTAL	World Baseball Classic Total	Sports
KXF1FASTLAP	F1 Fastest Lap	Sports
KXWTACHALLENGERMATCH	Challenger WTA	Sports
KXNCAAMBBIG10	Big 10 Conference Tournament	Sports
KXCOD	COD Tournament Winner	Sports
KXNFLWINS-KC	Pro football wins Kansas City	Sports
KXWONORDIC	Winter Olympics Nordic Combined	Sports
KXUCLACOACH	UCLA Next Coach	Sports
KXNEWCASTLEUBADGE	Newcastle United badge	Sports
KXF1SPRINTTOP5	F1 Sprint Race Top 5 Finishers	Sports
KXEWCRAINBOW6SEIGE	Rainbow Six at 2025 Esports World Cup WINNER	Sports
KXNHLRICHARD	NHL Maurice "Rocket" Richard Trophy	Sports
KXSERIEA1H	Serie A First Half Winner	Sports
KXIWWOMEN	Indian Wells Women's Singles	Sports
KXNFL2HTOTAL	Pro Football 2nd Half Total	Sports
KXNHLSPREAD	NHL Spread	Sports
KXNFLEXACTWINSTB	Pro football exact wins Tampa Bay	Sports
KXNFLPROBOWL	Pro Football Pro Bowl	Sports
KXJOINEKITIKE	Hugo Ekitike	Sports
KXATPCHALLENGERMATCH	Challenger ATP 	Sports
KXTRADEOFFNBA	Pro basketball trades offseason	Sports
KXCS2GAME	Counter-Strike 2 Game	Sports
KXLNBELITEGAME	LNB Elite Game	Sports
KXNFLAFCWEST	American Football Conference West Winner	Sports
KXCARDPRESENCEUFCWH	UFC White House event	Sports
KXNFLRSHYDS	Pro Football player Rushing Yards	Sports
KXUEL16RSCFEN	Europa League round of 16 - RSC FEN	Sports
KXFIFAUSPULL	FIFA us pull	Sports
KXNFL2QTOTAL	Pro Football 2nd Quarter Total	Sports
KXNCAABGAME	College Basketball Game	Sports
KXPRYLIGA1GAME	delete	Sports
KXESLPROS1	ESL Pro League Stage 1	Sports
KXNBAWINS	Pro basketball wins	Sports
KXMLBALMOTY	Pro Baseball American League Manager of the Year	Sports
KXATPMC	ATP Monte Carlo	Sports
KXOVERWATCH	Overwatch Tournament Winner	Sports
KXATPAMT	ATP Tour Abierto Mexican Telcel presentado por HSBC	Sports
KXUCL16PSVJUV	Champions League round of 16 - PSV JUV	Sports
KXNFL4DOWNCONV	Pro Football 4th Down Conversions	Sports
KXNCAAFCS	FCS Football Champion	Sports
KXMLBSTAT	Pro Baseball Season Stat	Sports
KXKNUEPPEL3PTREC	Kon Knueppel Rookie 3pt Record	Sports
KXSFSPELLINGBEE	SF Inaugural Spelling Bee Winner?	Sports
KXMLBALCY	Pro Baseball American League Cy Young	Sports
KXNEWCOACHNYJ	New York Jets new coach	Sports
KXPGARYDERMATCH	PGA Ryder Cup Matchups	Sports
KXALPHAARENA	Alpha Arena	Sports
KXNBADRAFT4	NBA Draft Fourth Pick	Sports
KXNLGAME	National League Game	Sports
KXLALIGAGAME	La Liga Game	Sports
KXNCAALAXGAME	College Lacrosse Game	Sports
KXNFLWINS-IND	Pro football wins Indianapolis	Sports
KXCFBCOTY	College Football Coach of the Year	Sports
KXELHGAME	ELH Game	Sports
KXSIXNATIONSMATCH	Six Nations Rugby Match	Sports
KXSAUDIPLTOTAL	Saudi Pro League Total	Sports
KXNFLCOACH	NFL Coach of the Year	Sports
KXKHLGAME	KHL Game	Sports
KXNFL2HSPREAD	Pro Football 2nd Half Spread	Sports
KXNCAAMB1HWINNER	College Basketball 1H Winner	Sports
KXNBA3PT	Pro Basketball Player Threes	Sports
KXNFL3QSPREAD	Pro Football 3rd Quarter Spread	Sports
KXUFCDISTANCE	UFC To Go The Distance	Sports
KXATLCOACH	Next Atlanta Coach	Sports
KXNEXTTEAMLEBRON	Lebron's Next Team	Sports
KXNBASLAMDUNK	NBA Slam Dunk Contest Winner	Sports
KXNCAABASEBALL	College Baseball Champion	Sports
KXNFLWINS-PHI	Pro football wins Philadelphia	Sports
KXNFLHIGHSCOREQ	Pro Football Highest Scoring Quarter	Sports
KXIIHFCHAMP	IIHF World Championship winner	Sports
KXNEXTTEAMGIANNIS	Giannis next team	Sports
KXUSFCOACH	USF Next Coach	Sports
KXNFLDRAFTTOP	Pro Football Top Draft	Sports
KXMLBWINS-WSH	Pro baseball wins Washington	Sports
KXBOXINGROUNDS	Boxing Total Rounds	Sports
KXPGAR3LEAD	PGA Round 3 Leader	Sports
KXNFL4QWINNER	Pro Football 4th Quarter Winner	Sports
KXVENFUTVE	Venezuela Primera Division	Sports
KXBSOUTOURNAMENT	Big South Tournament	Sports
KXSPORTSIGNAHOR	Al Horford	Sports
KXNFLAFCNORTH	American Football Conference North Winner	Sports
KXTHEOPEN	The Open Championship	Sports
KXNBAEFINMVP	Pro Basketball Eastern Conference Finals MVP	Sports
KXDWCS79	DWCS 79	Sports
KXLEADERNBA3PT	NBA 3PM Leader	Sports
KXNBATRADE	NBA Trade	Sports
KXCS2QUALIFY	CS2 Qualifier	Sports
KXMLBWINS-AZ	Pro baseball wins Arizona	Sports
KXEXHIBITIONMEN	Men's Tennis Exhibition Match	Sports
KXNEXTCOACHOUTNBA	Next coach out NBA	Sports
KXDELGAME	DEL Game	Sports
KXNCAAFSEC	SEC Champion	Sports
KXSAUDIPLSPREAD	Saudi Pro League Game	Sports
KXNFLCOMBO	NFL COMBO	Sports
KXNBAGAME	Professional Basketball Game	Sports
KXWO-SILVER	Winter Olympics Most Silver Medals	Sports
KXNCAAF1HWINNER	College Football 1st Half Winner	Sports
KXMLBLSTREAK	Longest Losing Streak	Sports
KXUEL16ROMFCP	Europa League round of 16 - ROM FCP	Sports
KXUFCVICROUND	UFC Round of Victory	Sports
KXARGPREMDIVADVANCE	Argentina Primera Division To Advance	Sports
KXUCLBOTTOM	UCL League Phase Bottom of Table	Sports
KXMARMADSEED	March Madness Winner Seed	Sports
KXATPMIA	ATP Miami	Sports
KXMLBALCENT	American League Central Winner	Sports
KXNEXTMANAGERMIL	Next Manager of AC Milan	Sports
KXBIG10REG	Big Ten Regular Season Champions	Sports
KXNBAPLAYOFF	Pro Basketball Playoff Qualifier	Sports
KXUCLW	Champions League Women's	Sports
KXNFLDRAFTPICK	NFL Draft Pick	Sports
KXNCAAFTEAMTOTAL	College Football Team Total Points	Sports
KXCS2MAPWINNER	CS2 Map Winner	Sports
KXNFLPROBOWLWIN	Pro Football Pro Bowl Game	Sports
KXKBLGAME	Korea KBL Game	Sports
KXT20SIX	T20 Total Sixes	Sports
KXPREMCHAMP	Gallagher Premiership Champion	Sports
KXLEBRONPLAY	LeBron Next Play	Sports
KXWNBAGAMESPLAYED	WNBA Games Played in a Season	Sports
KXTOP3NBADRAFT	NBA Draft Top 3	Sports
KXWINSTREAKOKC	OKC Win Streak	Sports
KXUNITEDCUPADVANCE	United Cup Advance	Sports
KXVTCOACH	Virginia Tech Next Coach	Sports
KXMLBWINS-DET	Pro baseball wins Detroit	Sports
KXT20WORLDCUP	T20 World Cup Winner	Sports
KXWNBARAISE	WNBA raise	Sports
KXSAUDIPLGAME	Saudi Pro League Game	Sports
KXUCLRO16	UCL Advance to Round of 16	Sports
KXFANATICSGAMESTHIRDPLACE	Who will come in 3rd place at Fanatics Games?	Sports
KXUCLTOP8	UCL League Phase Top 8 Finishers	Sports
KXINTLFRIENDLYGAME	International Friendly Game	Sports
KXNFLASSCOACH	NFL Assistant Coach of the Year	Sports
KXNFLWINS-CHI	Pro football wins Chicago	Sports
KXMWREG	Mountain West Regular Season Champions	Sports
KXNFLWINS-CLE	Pro football wins Cleveland	Sports
KXJOINSANE	Leroy Sane transfer	Sports
KXNFL3QTOTAL	Pro Football 3rd Quarter Total	Sports
KXBOUNTY2025S2	Bounty 2025 Season 2	Sports
KXNCAAMBHL	Horizon League conference tournament winner	Sports
KXWTAFINALS	WTA Finals Champion	Sports
KXNBAALLSTARS	Pro Basketball All Stars	Sports
KXMWORLDCUP	Men's World Cup winner	Sports
KXUFAEAST	Ultimate Frisbee Association East Division Winner	Sports
KXEWCLEAGUEOFLEGENDS	League of Legends featured at 2025 Esports World Cup	Sports
KXTENNCOACH	Tennessee Pro Football Team Next Coach	Sports
KXQOWOMENSINGLES	Qatar Open Women's Singles	Sports
KXRUGBYFRA14MATCH	Rugby French 14 Match	Sports
KXNCAAFWINS	College football wins?	Sports
KXMLSTOTAL	MLS Total	Sports
KXWCSQUAD	World Cup Squad	Sports
KXUFCBANTAMWEIGHTTITLE	UFC Bantamweight Title	Sports
KXNFLWINS-TB	Pro football wins Tampa Bay	Sports
KXUNITEDCUPMATCH	United Cup Match	Sports
KXNCAAFPAC12	Pac-12 Champion	Sports
KXNFLOPOY	NFL Offensive Player of the Year	Sports
KXRANKLISTKG	Will Ken Griffin be the top donator on <date>?	Sports
KXCOPADELREYSPREAD	Copa Del Rey Spread	Sports
KXWCCONGO	DR Congo World Cup	Sports
KXNFLEXACTWINSPIT	Pro football exact wins Pittsburgh	Sports
KXNEXTTEAMTYREEK	Tyreek Hill next team	Sports
KXWO-FREESKI	Winter Olympics Freestyle Skiing	Sports
KXCOUPEDEFRANCEGAME	Coupe de France Gam	Sports
KXCCARCOACH	Coastal Carolina Next Coach	Sports
KXRUGBYESLMATCH	England Super League Rugby Match	Sports
KXLAXGAME	NCAA Lacrosse Game	Sports
KXMLBWINS-CIN	Pro baseball wins Cincinnati	Sports
KXNBADRAFT10	NBA Draft Tenth Pick	Sports
KXMLBNLHAARON	Pro Baseball American League Hank Aaron	Sports
KXNASCARTOP5	NASCAR Top 5 Finishers	Sports
KXWOMHOCKEY	Winter Olympics Men's Hockey	Sports
KXMLBSTGAME	Pro Baseball Spring Training game	Sports
KXURYPD	Uruguayan Premier Division	Sports
KXLIGAPORTUGAL	Liga Portugal Winner	Sports
KXNCAAFPLAYOFF	College Football Playoff Qualifiers	Sports
KXUCL8	Champion's League to Round of 8	Sports
KXLEADERMLBSAVES	MLB Saves Leader	Sports
KXUCLSPREAD	Champions League Spread	Sports
KXWOSBOARD	Winter Olympics Snowboarding	Sports
KXMLSWEST	MLS Western Conference winner?	Sports
KXNEWCOACHJAX	JACKSONVILLE JAGUARS new coach	Sports
KXBUNDESLIGATOTAL	Bundesliga Total	Sports
KXNBADRAFT9	NBA Draft Ninth Pick	Sports
KXRANKLISTFFDST	TOP FANTASY FOOTBALL D ST	Sports
KXDANISHSUPERLIGAGAME	Danish Superliga Game	Sports
KXLIGAMXTOTAL	Liga MX Total	Sports
KXCLUBWCGG	Club World Club Group G	Sports
KXWBCHEAVYWEIGHTTITLE	Boxing Heavyweight Title	Sports
KXNFLEXACTWINSMIA	Pro football exact wins Miami	Sports
KXMLBWINS-PHI	Pro baseball wins Philadelphia	Sports
KXDAVISCUP	Davis Cup Champions	Sports
KXSTEPHSHOEDEAL	Steph Curry Shoe Deal	Sports
KXESPORTSTEST	TESTING	Sports
KXUFCWHITEHOUSE	UFC at White House	Sports
KXVENFUTVEGAME	Venezuela Liga FUTVE game	Sports
KXBOXINGMOV	Boxing Method of Victory	Sports
KXSBMENTION	SB mention	Sports
KXQEMOMENSSINGLES	Qatar ExxonMobil Open	Sports
KXACCREG	ACC Regular Season Champions	Sports
KXFRASUPERCUPADVANCE	France Super Cup to Advance	Sports
KXLEADERNBAPTS	NBA PPG Leader	Sports
KXTACAPORTSPREAD	Taca de Portugal Game	Sports
KXNCAAMBIGTEN	big ten MEN'S BASKETBALL TOURNAMENT	Sports
KXALCARAZCOACH	Carlos Alcaraz Next Coach	Sports
KXAPFDDH	APF Division de Honor	Sports
KXATPIT	ATP Italian Open	Sports
KXNBADRAFT3	NBA Draft Third Pick	Sports
KXNLMOTY	DO NOT USE	Sports
KXFOPENWMENSINGLE	French Open women's singles	Sports
KXWBCROUND	WBC Round	Sports
KXF1POLE	Qualify in Pole Position	Sports
KXBUNDESLIGA1H	Bundesliga First Half Winner	Sports
KXWBCRFI	World Baseball Class Run in First Inning	Sports
KXNFLWINS-PIT	Pro football wins Pittsburgh	Sports
KXF1CONSTRUCTORS	Formula 1 Constructors	Sports
KXDOTA2GAME	Dota 2 Game	Sports
KXPAULBELLFIGHT	Paul vs Bell	Sports
KXPREMDARTS	Premier League Darts Champion	Sports
KXNCAAFD3GAME	College Football Game	Sports
KXIPLFIRST6	IPL First 6 Overs Winner	Sports
KXEWCPUBGBATTLEG	PUBG: BATTLEGROUNDS at 2025 Esports World Cup	Sports
KXECULPGAME	Ecuador Liga Pro Game	Sports
KXDURATIONBEASTWATER	MrBeast water stream duration	Sports
KXNCAANIT	NIT Champion	Sports
KXMLBALRELOTY	Pro Baseball American League Reliever of the Year	Sports
KXNCAAMBHOR	Horizon League Conference Tournament	Sports
KXBALLONDOR	Ballon d'Or	Sports
KXBUNDESLIGARELEGATION	Bundesliga Relegation	Sports
KXRANKLISTCS2TEAM	HLTV Team of the Year	Sports
KXWO-TOTALMEDALS	Winter Olympic Country Medal Count	Sports
KXNHLFIRSTGOAL	Pro Hockey First Goal	Sports
KXFANATICSGAMESSECONDPLACE	Who will come in 2nd place at Fanatics Games?	Sports
KXWOBIATH	Winter Olympics Biathalon	Sports
KXDOTA2MAP	Dota 2 Map Winner	Sports
KXLIGUE1SPREAD	Ligue 1 Spread	Sports
KXNFLEXACTWINSLAC	Pro football exact wins Los Angeles C	Sports
KXNCAAMBTOTAL	Men's College Basketball Total Points	Sports
KXLBJRETIRE	LBJ retire	Sports
KXMASTERS	Masters Tournament	Sports
KXNCAAMSEC	SEC MEN'S BASKETBALL TOURNAMENT	Sports
KXRECORDNFLWORST	worst football record	Sports
KXCS2	CS2 Tournament Winner	Sports
KXNASCARTOP20	NASCAR Top 20 Finishers	Sports
KXNEXTNFLCOACH	Next Pro Football Coach	Sports
KXWTAIWO	Indian Wells Open	Sports
KXNBADRAFTTOP15	NBA Draft Top 15 Pick	Sports
KXCRICKETTESTMATCH	Cricket Test Match	Sports
KXT20MATCH	T20 Match	Sports
KXFIRSTUSOPEN	First time US open winner	Sports
KXDFBPOKAL	DFB Pokal Winner	Sports
KXCLUBWCGB	Club World Club Group B	Sports
KXMLBWINS-NYY	Pro baseball wins New York Y	Sports
KXWPL	WPL Champion	Sports
KXNBA2HTOTAL	NBA 2nd Half Total Points	Sports
KXFIBACHAMPLEAGUEGAME	FIBA Champions League Game	Sports
KXMLBBESTRECORD	Pro Baseball Best Record	Sports
KXNHLATLANTIC	NHL Atlantic Division Winner	Sports
KXMLSADVANCE	MLS To Advance	Sports
KXLCKAHRIPICK	LCK finals Ahri	Sports
KXIPLFOUR	IPL Total Fours	Sports
KXWTAMAD	WTA Madrid	Sports
KXLIVH2H	LIV Head-to-Head Matchups	Sports
KXNRLCHAMP	National Rugby League Champion	Sports
KXNCAAMBSUM	Summit League Conference Tournament	Sports
KXLEADERNFLPYDS	NFL leader passing yards	Sports
KXATPEXACTSETS	testing	Sports
KXWO-LUGE	Winter Olympics Luge	Sports
KXFIRSTTIMEWINNER	First Time Winner	Sports
KXFANATICSWINNER	Fanatics winner type	Sports
KXLOL1STTIMEWIN	LOL First time winner	Sports
KXNFLREC	Pro Football Player Receptions	Sports
KXNCAAMBCOTY	Men's College Basketball Naismith Coach of the Year	Sports
KXBLASTRIVALS2	BLAST Rivals 2025 Season 2	Sports
KXFCSOUTHAFRICA	Freestyle Chess Grand Slam South Africa	Sports
KXSIXKINGSSLAMMATCH	Six Kings Slam Match	Sports
KXCS2QUALIFIER	CS2 Qualifier	Sports
KXMANTISFREETHROWS	MANTIS FREE THROWS	Sports
KXFLACOACH	Florida Next Coach	Sports
KXNBARISINGSTARS	Pro Basketball Rising Stars Tournament	Sports
KXCOPADELREYGAME	Copa Del Rey Game	Sports
KXLEADERMLBDOUBLES	MLB Doubles Leader	Sports
KXF1TOP10	F1 Top 10 Finishers	Sports
KXATPFINALS	ATP Finals Winner	Sports
KXESPSUPERCUPGAME	Spain Super Cup Game	Sports
KXNBATOP3	Pro Basketball Draft Lottery Top 3	Sports
KXPGAR2LEAD	PGA Round 2 Leader	Sports
KXNBAPLAYIN	Which Team Will Make the Play-In Tournament	Sports
KXARGPREMDIVGAME	Argentina Primera Division Game	Sports
KXNBAFINALSVIEWERGAME7	NBA finals viewership	Sports
KXUSOMENSINGLES	US Open men's singles	Sports
KXPGARYDER	Ryder Cup	Sports
KXNBA1HTOTAL	NBA 1st Half Total Points	Sports
KXEWCMLBB	Mobile Legends: Bang Bang Mid Season Cup at 2025 Esports World Cup	Sports
KXUEFAGAME	UEFA Soccer Games	Sports
KXCSGOADVANCE	CSGO Advance	Sports
KXEPL1H	Premier League First Half Winner	Sports
KXMLBWINS-MIL	Pro baseball wins Milwaukee	Sports
KXITFMATCH	ITF Match	Sports
KXEWCAPEXLEGENDS	Apex Legends at 2025 Esports World Cup	Sports
KXKELCERETIRE	Travis Kelce Retire	Sports
KXNFLEXACTWINSBAL	Pro football exact wins Baltimore	Sports
KXESPSUPERCUPADVANCE	Spain Super Cup Advance	Sports
KXWBCCRUISERWEIGHTTITLE	Boxing Cruiserweight Title	Sports
KXNCAAMBAMER	American Conference Tournament	Sports
KXMBLNLEAST	National League East Winner	Sports
KXRANKLISTKAITO	Which exchange will have the highest mindshare this week?	Sports
KXNFLEXACTWINSSEA	Pro football exact wins Seattle	Sports
KXWO	Winter Olympics Medals	Sports
KXWWOMENSINGLES	Wimbledon women's singles	Sports
KXSERIEASPREAD	Serie A Spread	Sports
KXMLBSERIES	Professional Baseball Series	Sports
KXMLBRFI	Pro Baseball Run in First Inning	Sports
KXRANKLISTFFTE	TOP FANTASY FOOTBALL TE	Sports
KXNEXTMANAGERMANU	Next Man U Manager	Sports
KXSUPERLIGGAME	Turkish Super Lig Game	Sports
KXNBA1HSPREAD	Pro Basketball 1st Half Spread	Sports
KXNFL1QSPREAD	Pro Football 1st Quarter Spread	Sports
KXMLBWINS-TB	Pro baseball wins Tampa Bay	Sports
KXNCAAMLAXGAME	Men's College Lacrosse Game	Sports
KXMLBNLRELOTY	Pro Baseball National League Reliever of the Year	Sports
KXMLBSS	Pro Baseball Silver Slugger	Sports
KXWCGOALLEADER	World Cup Goal Leader	Sports
KXNCAAMBNAISMITH	Men's College Basketball Naismith	Sports
KXLIVMAKECUT	DONT USE	Sports
KXUEFASUPERCUP	UEFA Super Cup Winner	Sports
KXNFLEXACTWINSGB	Pro football exact wins Green Bay	Sports
KXEKSTRAKLASAGAME	Polish Ekstraklasa Game	Sports
KXIWMENDOUBLES	Indian Wells Men's Doubles	Sports
KXCHOVYMVPWF	Will Chovy be the MVP of the Worlds finals	Sports
KXNEXTTEAMMLB	MLB Player Next Team	Sports
KXMLBSPREAD	Pro Baseball Spread	Sports
KXFRASUPERCUPGAME	France Super Cup Game	Sports
KXCZEFLGAME	Czech First League Game	Sports
KXEWCCHESS2025	Chess – Esports World Cup Winner?	Sports
KXNCAAMBA10	Atlantic-10 Conference Tournament	Sports
KXKNVBCUPADVANCE	KNVB Cup Advance	Sports
KXWCGROUPQUAL	World Cup Group Qualifiers	Sports
KXTORONTOULTRACHAMPIONSHIP	Dota 2 at 2025 Esports World Cup	Sports
KXSTARTCLEBROWNS	Cleveland Browns starter	Sports
KXATPMATCH	ATP Tennis Match	Sports
KXWCCODWARZONE	Call of Duty: Warzone at 2025 Esports World Cup	Sports
KXFOWOMENSINGLES	French Open women's singles	Sports
KXEFLCHAMPIONSHIP	EFL Championship League Winner	Sports
KXNBA1QSPREAD	Pro Basketball 1st Quarter Spread	Sports
KXMLBNL	MLB National League Championship	Sports
KXPGLMASTERSBUCHAREST	Who will win the PGL Masters Bucharest 2025	Sports
KXIMOCOUNTRY	 International Mathematical Olympiad Country Winner	Sports
KXUCLRO8	UCL Advance to Round of 8	Sports
KXCOACHOUTNCAAFB	NCAAFB Coaches Out	Sports
KXMLBNLMVP	Pro Baseball National League MVP	Sports
KXVALPLIND	Valorant Predator League Indonesia	Sports
KXUFACENT	Ultimate Frisbee Association Central Division Winner	Sports
KXCONNCOACH	UConn Next Coach	Sports
KXNFLMOSTRECYDS	Pro Football Most Receiving Yards	Sports
KXWOSKIJUMP	Winter Olympics Ski Jump	Sports
KXNBADRAFTTOP10	NBA Draft Top 10 Pick	Sports
KXNFLWINS-LV	Pro football wins Las Vegas	Sports
KXTENNISMAJORDJOKOVIC	Djokovic major	Sports
KXHEISMAN	Heisman Trophy Winner	Sports
KXNASCARCUPCHAMP	Nascar Cup Series Championship	Sports
KXWTAMOA	WTA Tour Merida Open Akron	Sports
KXMLBWINS-TOR	Pro baseball wins Toronto	Sports
KXACQUIREMANU	ManU acquire	Sports
KXWOMHOCKEYMVP	Men's Winter Olympics Hockey MVP	Sports
KXTACAPORTTOTAL	Taca de Portgual Total	Sports
KXEWCVALORANT	VALORANT featured at 2025 Esports World Cup	Sports
KXLEADERMLBSTEALS	MLB Steals Leader	Sports
KXNCAAFBACC	ACC Champion	Sports
KXWTAIT	WTA Italian Open	Sports
KXSYNTHETIXTRADINGCOMP	Synthetix Trading Competition	Sports
KXNCAAMBFIRST10	College Basketball Race to 10 Points	Sports
KXEWCSTARCRAFTII	StarCraft II at 2025 Esports World Cup	Sports
KXNCAAFFINALIST	College Football Finalist	Sports
KXNFLWINS-DEN	Pro football wins Denver	Sports
KXNBACLUTCH	Pro Basketball Clutch Player of the Year	Sports
KXNEXTTEAMNBA	Next NBA Team	Sports
KXNFLOPOTY	AP Pro Football Offensive Player Of The Year	Sports
KXNFLSBMVP	Pro Football Championship MVP	Sports
KXNFL2TD	Pro Football Multiple Touchdowns	Sports
KXWINSTREAKHOUMLB10	Houston winning 10 games	Sports
KXHEISMANFINALIST	Defensive Heisman Finalist	Sports
KXPGARYDERTOP	Ryder Cup Top Points Scorer	Sports
KXNFLEXACTWINSNO	Pro football exact wins New Orleans	Sports
KXNFLSBMVPDEF	Defensive Player Championship MVP	Sports
KXNFLNOSCOREQ	Pro Football Scoreless Quarter	Sports
KXBUNDESLIGAGAME	Bundesliga Game	Sports
KXNBADRAFT8	NBA Draft Eighth Pick	Sports
KXNCAABBSPREAD	College Baseball Spread	Sports
KXDPWORLDTOURMAKECUT	DP World Tour To Make Cut	Sports
KXPUBGGC	PUBG Global Championship 2025	Sports
KXTIGERMASTERS	Will Tiger Woods play in the Masters	Sports
KXNCAAMBCAA	Coastal Athletic Association Conference Tournament	Sports
KXNCAAMBMVAL	Missouri Valley Conference Tournament	Sports
KXWNBA	WNBA Championship	Sports
KXWCGROUPWIN	World Cup Group Winner	Sports
KXUSOWOMENSINGLES	US Open women's singles	Sports
KXNEXTTEAMMCLAURIN	Terry McLaurin next team	Sports
KXWO-CURL	Winter Olympics Curling	Sports
KXMLBWINS-MIA	Pro baseball wins Miami	Sports
KXATPSETWINNER	ATP Set Winner	Sports
KXFIFAUSPULLGAME	FIFA US pull game	Sports
KXNBASIXTH	Pro Basketball Sixth Man of the Year	Sports
KXMLB500	MLB teams at .500	Sports
KXLEAGUE	League of Legends World Championship	Sports
KXNCAAMBSBELT	Sun Belt Conference Tournament	Sports
KXMLBPLAYOFFS	Pro Baseball Playoff Qualifiers	Sports
KXATPIWO	Indian Wells Open	Sports
KXNCAAFTOTAL	College Football Total Points	Sports
KXLEADERNFLRUSHTDS	NFL leader rushing TDs	Sports
KXWOXC	Winter Olympics Cross Country Skiing	Sports
KXNCAAMBBSKY	Big Sky Conference Tournament	Sports
KXROCKANDROLLHALLOFFAME	ROCK AND ROLL HALL OF FAME 	Sports
KXNBA2KCOVER	Who will be on the cover of NBA 2k?	Sports
KXNFLEXACTWINSDAL	Pro football exact wins Dallas	Sports
KXLBJRTEAM	XYZ	Sports
KXNFLWINS-BAL	Pro football wins Baltimore	Sports
KXNBAMVP	Pro Basketball MVP	Sports
KXUABCOACH	UAB Next Coach	Sports
KXSTARLADDERBUDAPESTMAJOR	Who wil win the StarLadder Budapest Major 2025	Sports
KXTEAMSINNBAF	Teams in NBA Finals	Sports
KXNFL3QWINNER	Pro Football 3rd Quarter Winner	Sports
KXSOCCERSPREAD	Soccer Spread	Sports
KXNFLOT	Pro Football Overtime	Sports
KXITASUPERCUPADVANCE	Italy Super Cup Winner	Sports
KXCOACHOUTDALSTARS	Chris Koclanes out	Sports
KXNHLVEZINA	NHL Vezina Trophy	Sports
KXTGLMATCH	TGL Golf Match	Sports
KXUFCMIDDLEWEIGHTTITLE	UFC Middleweight Title	Sports
KXACBGAME	Liga ACB Basketball Game	Sports
KXCAATOURNAMENT	CAA Tournament	Sports
KXNBADRAFTTOP	Pro Basketball Top Draft	Sports
KXNFLSBMVPPOS	Pro Football Championship MVP Position	Sports
KXDPWORLDTOURR1LEAD	DP World Tour R1 Leader	Sports
KXPFAPOY	PFA Player of The Year	Sports
KXUCL16PSGSTB	Champions League round of 16 - PSG STB	Sports
KXMLBWINS-SD	Pro baseball wins San Diego	Sports
KXCANADACUP	Canada winning Stanley Cup	Sports
KXNCAABBIGTEN	Big Ten Men's Basketball Tournament	Sports
KXNFLCOMBINE	NFL Combine	Sports
KXBALLONDORNATION	Ballon d'Or nationality	Sports
KXZYWOOMVPBP	Will ZywOo be the MVP at the Budapest Major	Sports
KXNFL2QWINNER	Pro Football 2nd Quarter Winner	Sports
KXAHLGAME	AHL Game	Sports
KXWO-GOLD	Winter Olympics Most Gold Medals	Sports
KXCHESSTTEARLY	Chess Titled Tuesday Early	Sports
KXTNCBASKETBALL	TNC Basketball	Sports
KXWNBAGAME	Professional Women's Basketball Game	Sports
KXSTEPHPARTERNSHIP	Stephen Curry Partnership	Sports
KXPLAYEROPTIONNBA	player option nba	Sports
KXINTERCONCUPGAME	Intercontinental Cup Match	Sports
KXTEAMSINUCL	Champions League Final Matchup	Sports
KXNFL1HWINNER	NFL 1st Half Winner	Sports
KXUFCMOV	UFC Method of Victory	Sports
KXAPFDDHGAME	APF Division de Honor Game	Sports
KXBRASILEIRORELEGATION	Brasileiro Relegation	Sports
KXNHLSERIES	Professional Hockey Series	Sports
KXNCAAWBTOTAL	Women's College Basketball Total Points	Sports
KXRLGAME	Rocket League Game	Sports
KXNFLLARGELEAD	Pro Football Largest Lead	Sports
KXTATUMRETURN	When Will Jayson Tatum Play His Next Game	Sports
KXNBAROY	Pro Basketball Rookie of the Year	Sports
KXNFLMVP	AP Pro Football Regular Season MVP	Sports
KXNBABLK	Pro Basketball Player Blocks	Sports
KXPGARYDERCUPD3	Ryder Cup Day 3 Winner	Sports
KXCOLLEGEGAMEDAYGUEST	College Gameday Guest	Sports
KXMLBWINS-ATL	Pro baseball wins Atlanta	Sports
KXMARMAD3D	Men's March Madness Triple Double	Sports
KXWNBAPLAYOFF	Pro Women's Basketball Playoff Qualifier	Sports
KXEUROVISIONISRAELBAN	Eurovision Israel ban	Sports
KXMLBNLCPOTY	National League Comeback Player of the Year	Sports
KXNBAATLANTIC	NBA Atlantic Division Winner	Sports
KXNFLWINS-MIA	Pro football wins Miami	Sports
KXROMENSSINGLES	Rio Open	Sports
KXNFLWINMARGIN	Pro Football Win Margin	Sports
KX4MINMILEW	Women's Sub 4-Minute Mile	Sports
KXNBAALLSTARMVP	NBA All-Star Game MVP	Sports
KXWBCF5SPREAD	First 5 innings spread	Sports
KXCLUBWCGAME	Club World Club Game	Sports
KXEPLTOTAL	English Premier League Total Goals	Sports
KXNFLPREPACK	MVE NFL Pre Pack	Sports
KXEWCTEAMFIGHTTACTICS	Teamfight Tactics featured at 2025 Esports World Cup	Sports
KXNFLPREPACK2ML	MVE NFL Pre Pack	Sports
KXRANKLISTAICODE	AI Coding	Sports
KXBRAWLSTARS	Brawl Stars Tournament Winner	Sports
KXPGAWINMARGIN	PGA Win Margin	Sports
KXAUSTINMAJOR	Rennsport at 2025 Esports World Cup	Sports
KXNFLNFCNORTH	National Football Conference North Winner	Sports
KXCOUPEDEFRANCETOTAL	Coupe de France Total	Sports
KXNBADRAFTTOP5	NBA Draft Top 5 Pick	Sports
KXNCAAFB12	Big 12 Champion	Sports
KXGOLFTENNISMAJORS	More Major Wins, Tennis vs Golf	Sports
KXUEFACL	UEFA Champions League	Sports
KXNBAFINALSMVP	Finals MVP	Sports
KXMARMAD1SEED	March Madness 1 Seeds	Sports
KXWBCF5TOTAL	First 5 Innings Total	Sports
KXMARMADCONFWIN	March Madness Conference Winner	Sports
KXNFL1HSPREAD	NFL 1st Half Spread	Sports
KXUFASEMI	Ultimate Frisbee Association Championship Qualifiers	Sports
KXGRANDSLAMJFONSECA	Wil Joao Fonseca Win a grand slam	Sports
KXCLUBWCGA	Club World Club Group A	Sports
KXEPLFIRSTGOAL	EPL 1st Goalscorer	Sports
KXCHESSSINQUEFIELD	sinquefield chess winner	Sports
KXRUGBYGPREMMATCH	Gallagher Prem Match	Sports
KXMARMADSEEDSUM	March Madness Sum of Seeds	Sports
KXWO-NORDIC	Winter Olympics Nordic Combined	Sports
KXWO-SSKATE	Winter Olympics Speed Skating	Sports
KXNCAAMBSPREAD	Men's College Basketball Spread	Sports
KXMIDSEASONINVITATIONAL	2025 Mid-Season Invitational	Sports
KXNBAAST	Pro Basketball Player Assists	Sports
KXJOINMESSI	Messi	Sports
KXNCAAMBMAMER	Mid-American Conference Tournament	Sports
KXCHLLDP	Chilean Primer Division	Sports
KXNEXTCONTRACTSKUBAL	Tarik Skubal Next Contract Value	Sports
KXUSLGAME	USL Championship Game	Sports
KXNFLNFCEAST	National Football Conference East Winner	Sports
KXMANTIS	Mantis time	Sports
KXNFLEXACTWINSCAR	Pro football exact wins Carolina	Sports
KXNWSL	NWSL Champion	Sports
KXRANKLISTCS2PLAYER	HLTV Player of Year	Sports
KXF1RACETOPX	F1 Race Top Finishers	Sports
KXLEADERMLBAVG	MLB Batting Average Leader	Sports
KXWBCFEATHERWEIGHTTITLE	Boxing Featherweight Title	Sports
KXRANKLISTFFQB	TOP FANTASY FOOTBALL QB	Sports
KXMLBWINS-MIN	Pro baseball wins Minnesota	Sports
KXTACAPORTADVANCE	Taca de Portugal To Advance	Sports
KXUCLGAME	UEFA Champions League Game	Sports
KXNFL1HTOTAL	NFL 1st  Half Total Points	Sports
KXNCAAFMWC	Mountain West Champion	Sports
KXFIDECANDIDATES	FIDE Candidates qualifiers	Sports
KXBATTLEOFSEXES	Battle of the Sexes Tennis Match	Sports
KXCSGO	CSGO	Sports
KXEREDIVISIEGAME	Eredivisie Game	Sports
KXTENNISGRANDSLAM	Tennis Grand Slam	Sports
KXNFLCOMBINE40	Pro Football Combine Fastest 40 Time	Sports
KXCOACHOUTOLEMISS	Coach Out Ole Miss	Sports
KXWO-SKEL	Winter Olympics Skeleton	Sports
KXRELOCATIONCHI	Chicago Football Relocation	Sports
KXPGLBUCH	Who will win the PGL Masters Bucharest 2025	Sports
KXSELLTWINS	Minnesota Twins sale	Sports
KXUFCFIGHT	UFC Fight	Sports
KXMEMCOACH	Memphis Next Coach	Sports
KXOWGAME	Overwatch Game	Sports
KXLIGUE1BTTS	Ligue 1 BTTS	Sports
KXDEFHEISMAN	Defensive Heisman Candidate	Sports
KXNBASOUTHEAST	NBA Southeast Division Winner	Sports
KXF1CHINA	F1 team from China	Sports
KXCONNSMYTHE	Conn Smythe trophy	Sports
KXALMVP	NL MVP	Sports
KXNCAAFCOTW	College Football Coach of the Week	Sports
KXLIGAMXSPREAD	Liga MX Game	Sports
KXLEADERMLBWAR	MLB WAR Leader	Sports
KXLIGUE11H	Ligue 1 First Half Winner	Sports
KXNFLDEPTHPOSITIONCLEQB2	QB2 CLE	Sports
KXRYDERCUPCAPTAIN	Ryder Cup Captain	Sports
KXNEXTCOACHOUTNFL	Next Coach Out Pro Football	Sports
KXDAYTONA24	Daytona 24 Hour Race Winner	Sports
KXCOUPEDEFRANCESPREAD	Coupe de France Spread	Sports
KXNFLEXACTWINSCIN	Pro football exact wins Cincinnati	Sports
KXGUINNESSWRCOUNT	Guinness World Record count	Sports
KXLAXTEWAARATON	College Lacrosse Tewaaraton Award	Sports
KXCLUBWCGC	Club World Club Group C	Sports
KXWNBAASGAME	WNBA All Star Game	Sports
KXWMARMADROUND	Reach March Madness Round	Sports
KXQUADRUPLEDOUBLE	Quadruple Double	Sports
KXEUROLEAGUEGAME	Euroleague Game	Sports
KXPLAYTOGETHERJBJT	Tatum and Brown Celtics	Sports
KXAOMEN	Australian Open Mens	Sports
KXUEL16VIKFTC	Europa League round of 16 - VIK FTC	Sports
KXMLBAL	MLB American League Championship	Sports
KXJOINSALAH	Mo Salah next team	Sports
KXLIGUE1TOP4	Ligue 1 Top 4 Finishers	Sports
KXCRICKETWOMENTESTMATCH	Cricket Women Test Match	Sports
KXFANATICSGAMESFIRSTPLACE	Who will come in 1st place at Fanatics Games?	Sports
KXNCAAWBGAME	College Basketball Women's Game	Sports
KXLEADERNBAREB	NBA RPG Leader	Sports
KXUCLTOTAL	Champions League Total Goals	Sports
KXMLBDIVWINNER	MLB divisions	Sports
KXCALCOACH	California Next Coach	Sports
KXCLUBWC	Club World Cup Championship	Sports
KXLEADERMLBERA	MLB ERA Leader	Sports
KXNCAAMACC	ACC MEN'S BASKETBALL TOURNAMENT	Sports
KXNBA4QTOTAL	NBA 4th Quarter Total	Sports
KXNFLTEAMFIRSTTD	Pro Football First Touchdown	Sports
KXMARMADROUND	Reach March Madness Round	Sports
KXBUNDESLIGA2GAME	Bundesliga 2 Game	Sports
KXSORONDO	Rajon Rando Summer Olympics Flag Football	Sports
KXWO-SKIMTN	Winter Olympics Ski Mountaineering	Sports
KXWOMHOCKEYTOTAL	Winter Olympics Men's Hockey Goal Total	Sports
KXNEXTTEAMVERSTAPPEN	Will Max Verstappen go to Mercedes?	Sports
KXSIXKINGSSLAM	Six Kings Slam Winner	Sports
KXCITYMLBEXPAND	MLB expansion	Sports
KXWOWHOCKEY	Winter Olympics Women's Hockey	Sports
KXSTARTNOSAINTS	NEW ORLEANS WEEK 1 QB	Sports
KXWO-FSKATE	Winter Olympics Figure Skating	Sports
KXINTERNETINVITATIONAL	Who will win the Internet Invitational 	Sports
KXNCAAMBIG12	Big 12 MEN'S BASKETBALL TOURNAMENT	Sports
KXNFLWINS-ATL	Pro football wins Atlanta	Sports
KXNBAGAMES	NBA games	Sports
KXLALIGASPREAD	La Liga Spread	Sports
KXWCMESSIRONALDO	Goal Contributions Messi and Ronaldo	Sports
KXLIVR1LEAD	Liv Round 1 Leader	Sports
KXWSAL	MLB American League champion	Sports
KXF1SPRINTFASTLAP	F1 Sprint Race Fastest Lap	Sports
KXNFLWINS-HOU	Pro football wins Houston	Sports
KXNBAWFINMVP	Pro Basketball Western Conference Finals MVP	Sports
KXFIFAADVANCE	Fifa To Advance	Sports
KXLOSEBARCA	Barcelona lose	Sports
KXNBAALLSTARGAME	NBA All-Star Game Winner	Sports
KXNFLEXACTWINSKC	Pro football exact wins Kansas City	Sports
KXNLMVP	AL MVP	Sports
KXIIHFGAME	IIHF Game	Sports
KXEWCFATALFURY	FATAL FURY: City of the Wolves at 2025 Esports World Cup	Sports
KXUFCMWEIGHT	UFC Middleweight Champion	Sports
KXWOSKIMTN	Winter Olympics Ski Mountaineering	Sports
KXNHLEAST	Eastern Conference Championship	Sports
KXIPLTOTAL	IPL Total Runs	Sports
KXCOPADELREYADVANCE	Copa Del Rey To Advance	Sports
KXCOACHOUTNBA	NBA coach out	Sports
KXMLBWINS-PIT	Pro baseball wins Pittsburgh	Sports
KXLIVTOP5	Liv Top 5 Finisher	Sports
KXUFCFLYWEIGHTTITLE	UFC Flyweight Title	Sports
KXLALIGABTTS	La Liga BTTS	Sports
KXNBATEAMTOTAL	NBA Team Total	Sports
KXLIGUE1	LIGUE 1	Sports
KXSERIEATOP4	Serie A Top 4 Finishers	Sports
KXCOACHOUTNFLFIRST	First NFL Coach Out	Sports
KXATPGSPREAD	ATO Game Spread	Sports
KXJOINRONALDO	Cristiano Ronaldo	Sports
KXNBAPRA	Pro Basketball Points + Rebounds + Assists	Sports
KXSLRCHAMP	England Super League Champion	Sports
KXNCAAMBUNDEFEATED	Undefeated in College Basketball Regular Season	Sports
KXSALMONRUN	Seattle Mariners Salmon Run	Sports
KXPERLIGA1GAME	Peru Liga 1 Game	Sports
KXNCAAFPAC10	Pac-10 Champion	Sports
KXFIBAGAME	FIBA Game	Sports
KXNEWCOACHLAL	New Lakers coach	Sports
KXSHAI20PTREC	Shai 20+ Point Streak	Sports
KXPPL	Pro Padel League	Sports
KXUEFACLTOPGOAL	UEFA CL Top Goal Scorer	Sports
KXVCCHAMPIONSPARIS	VALORANT Champions 2025 PARIS	Sports
KXNCAAMBMOP	Men's College Basketball Most Outstanding Player	Sports
KXURYPDGAME	Uruguay Primera Division Game	Sports
KXCRICKETWOMENODIMATCH	Cricket Women ODI Match	Sports
KXR6	R6 Tournament Winner	Sports
KXSERIEARELEGATION	Serie A Relegation	Sports
KXDDFMENSINGLES	Dubai Duty Free Tennis Championships	Sports
KXUFCWELTERWEIGHTTITLE	UFC Welterweight Title	Sports
KXGREYCUP	CFL Grey Cup	Sports
KXMLBWS	MLB World Series	Sports
KXWCIRAN	Iran World Cup	Sports
KXWTAGAME	WTA Tennis Winner	Sports
KXDARTSMATCH	Darts Match	Sports
KXBRAD100MRUN	Brad Kraut 100 Mile Challenge	Sports
KXEPLRELEGATION	English Premier League Relegation	Sports
KXNBAWEST	NBA Western Conference Championship	Sports
KXNFLHALLOFFAME	NFL Hall of Fame	Sports
KXNFL2PTCONV	Pro Football 2-Point Conversions	Sports
KXCS2TOTALMAPS	CS2 Total Maps	Sports
KXNBAALLSTAR	NBA All-Star game	Sports
KXF1RACETOP10	F1 Race Top 10 Finishers	Sports
KXAFCONGAME	AFCON Game Winner	Sports
KXNHLCENTRAL	NHL Central Division Winner	Sports
KXIPLFIRST15	IPL First 15 Overs Winner	Sports
KXEVENTTIMES	NFL games times	Sports
KXNFL4QSPREAD	Pro Football 4th Quarter Spread	Sports
KXUCLBTTS	Champions League BTTS	Sports
KXLEADERNFLINT	NFL leader interceptions	Sports
KXWTADDF	WTA Tour Dubai Duty Free	Sports
KXT20FIRST10	T20 First 10 Overs Winner	Sports
KXATP1RANK	ATP #1 Ranked Player	Sports
KXWNBADRAFT1	WNBA Draft 1st Pick	Sports
KXPGAHOLEINONE	PGA Hole in One	Sports
KXUEL16FTCRSO	Europa League round of 16 - FTC RSO	Sports
KXNCAAWBMOP	Women's College Basketball Most Outstanding Player	Sports
KXDAYTONA24H	Daytona 24 Hour Race	Sports
KXCFBDOBRIEN	Davey O'Brien Award	Sports
KXNEXTTEAMSKUBAL	Tarik Skubal Next Team	Sports
KXNFLEXACTWINSTEN	Pro football exact wins Tennessee	Sports
KXVALORANTMAP	Valorant Map Winner	Sports
KXWBCWELTERWEIGHTTITLE	Boxing Welterweight Title	Sports
KXRECORDNFLBEST	best football record	Sports
KXCOPPAITALIA	Coppa Italia Winner	Sports
KXATPGAMESPREAD	ATP Game Spread	Sports
KXNCAAMBSLC	Southland Conference Tournament	Sports
KXWOTW	Wave of the Winter	Sports
KXLIGAMXGAME	Liga MX Game	Sports
KXNFLSBMVPQB	Non QB Championship MVP	Sports
KXMASTERSCUT	Masters Cut	Sports
KXNCAAMBUSA	Conference USA Conference Tournament	Sports
KXWOSTRACK	Winter Olympics Short Track Speed Skating	Sports
KXUCL1H	Champions League First Hal Winner	Sports
KXBELICHICKUNC	Will Bill Belichick coach a UNC game	Sports
KXUFCMOF	UFC Method of Finish	Sports
KXUSL	USL Championship	Sports
KXWTAGRANDSLAM	WTA Grand Slam	Sports
KXNFLWINS-LA	Pro football wins Los Angeles R	Sports
KXNBADRAFTINT	Pro Basketball International Players Drafted	Sports
KXLEADERMLBSTRIKEOUTS	MLB Strikeouts Leader	Sports
KXJBLEAGUEGAME	Japan B League Game	Sports
KXNBAMIMP	Pro Basketball Most Improved Player	Sports
KXEPLTOP6	Top 6 Finishers	Sports
KXBRASILEIROSPREAD	Brasileiro Serie A Game	Sports
KXNBA1HWINNER	Pro Baskeball 1st Half Winner	Sports
KXSIXKINGSMATCH	Six Kings Slam Match	Sports
KXCS2MAP	Counter-Strike 2 Map Winner 	Sports
KXSERIEABTTS	Serie A BTTS	Sports
KXBIGEASTREG	Big East Regular Season Champions	Sports
KXWINSTREAKMANU	Man United Win Streak	Sports
KXNBA2QSPREAD	Pro Basketball 2nd Quarter Spread	Sports
KXEWCCHESS	Chess – Esports World Cup winner	Sports
KXBOXINGFIGHT	Boxing fight winner	Sports
KXNFLWINS-SF	Pro football wins San Francisco	Sports
KXNBACUPMVP	Pro Basketball Cup Tournament MVP	Sports
KXWO-SWEEPS	Winter Olympics Total Podium Sweeps	Sports
KXEFLCUPGAME	EFL Cup Game	Sports
KXBEASTGAMES	Beast Games: Strong vs. Smart Winner	Sports
KXEWCCALLOFDUTYBLOPS6	Call of Duty: Black Ops 6 at 2025 Esports World Cup	Sports
KXUECLGAME	UEFA Conference League Game	Sports
KXDENSUPERLIGAGAME	Danish Superliga Game	Sports
KXNBASEATTLE	Seattle NBA team	Sports
KXNCAAMBWCC	West Coast Conference Tournament	Sports
KXNFLEXACTWINSCHI	Pro football exact wins Chicago	Sports
KXLEAGUEWORLDS	League of Legends Worlds	Sports
KXNCAAFPREPACK4ML	MVE NCAAF Pre Pack	Sports
KXT20TOTAL	T20 Total Runs	Sports
KXCOPADELREY	Copa del Rey Winner	Sports
KXNBATOP5ROTY	Top 5 NBA draft ROTY	Sports
KXSLGREECE	Super League Greece Winner	Sports
KXNFLGAMETO	Pro Football Turnovers	Sports
KXUELTOTAL	Europa League Total	Sports
KXAFCCLGAME	AFC Champions League Game	Sports
KXMLBNLMOTY	Pro Baseball National League Manager of the Year	Sports
KXUFCTITLE	UFC Title	Sports
KXMLBWINS-SEA	Pro baseball wins Seattle	Sports
KXARODGRETIRE	Aaron Rodgers Retire	Sports
KXMESSIRETIRE	Messi retirement	Sports
KXCROSSFIRE	Crossfire Tournament Winner	Sports
KXGRANDSLAMSINNERALCARAZ	Sinner Alcaraz grand slam	Sports
KXNCAAWBSPREAD	Women's College Basketball Spread	Sports
KXATPGRANDSLAM	ATP Grand Slam	Sports
KXNFLWINS-NYJ	Pro football wins New York J	Sports
KXLEADERNFLRYDS	NFL leader receiving yards	Sports
KXHNLGAME	Croatia HNL Game	Sports
KXPGATOUR	PGA Tour	Sports
KXLIGUE1TOTAL	Ligue 1 Total	Sports
KXMLBWINS-TEX	Pro baseball wins Texas	Sports
KXUCLFIRSTGOAL	UCL First Goalscorer	Sports
KXFIFAPEACE	WHO WILL WIN THE FIFA PEACE PRIZE	Sports
KXNFLPREPACK1HFT	MVE NFL Pre Pack	Sports
KXNCAAMPAC12	PAC-12 MEN'S BASKETBALL TOURNAMENT	Sports
KXNHLPLAYOFF	Playoff Qualifier	Sports
KXRANKLISTFFK	TOP FANTASY FOOTBALL K	Sports
KXPGAH2H	PGA Head-to-Head Matchups	Sports
KXNFLSAFETY	Pro Football Safeties	Sports
KXWNBAROTY	Pro Women's Basketball Rookie of the Year	Sports
KXNFLEXACTWINSJAC	Pro football exact wins Jacksonville	Sports
KXSLGREECEGAME	Super League Greece Game	Sports
KXNFLWINS-BUF	Pro football wins Buffalo	Sports
KXNHLSAVES	Pro Hockey Saves	Sports
KXWTADOUBLES	WTA Doubles Tennis Match	Sports
KXF1RACESPRINT	F1 Sprint Race	Sports
KXWBCGROUP	WBC Pool Winner	Sports
KXWOCURLGAME	Winter Olympics Curling Game	Sports
KXTRADEOFFNFL	Pro football trades offseason	Sports
KXUEFAISRAELBAN	UEFA Israel Ban	Sports
KXT20FIRST15	T20 First 15 Overs Winner	Sports
KXUCL16	Champions League round of 16	Sports
KXNCAABBTOTAL	College Baseball Total Runs	Sports
KXRYDERCUP	Ryder Cup 	Sports
KXNCAAFAAC	American Athletic Conference Champion	Sports
KXTENCOACH	Tennessee Next Coach	Sports
KXNCAAMBBSOU	Big South Conference Tournament	Sports
KXNCAAHOCKEY	College Hockey National Champion	Sports
KXUCL16BVBSPO	Champions League round of 16 - BVB SPO	Sports
KXOLEMISSATTENDANCE	Ole Miss Attendance Record	Sports
KXNCAAFSBELT	Sun Belt Champion	Sports
KXNFL2HWINNER	NFL 2nd Half Winner	Sports
KXNCAAFBB10	Big Ten Champion	Sports
KXRECORDNBABEST	Best Pro Basketball Record	Sports
KXHALFTIMESHOW	HOW LONG WILL THE SUPER BOWL HALFTIME SHOW BE	Sports
KXBELGIANPLGAME	Belgian Pro League Game	Sports
KXNFLRECYDS	Pro Football player Receiving Yards	Sports
KXTUSHPUSH	Tush Push ban	Sports
KXNYGCOACH	New York G Next Coach	Sports
KXNFLWINS-DAL	Pro football wins Dallas	Sports
KXROWING	Rowing race winner	Sports
KXCOACHOUTDALWINGS	Chris Koclanes out	Sports
KXR6MAP	R6 Map Winner	Sports
KXMLBALHAARON	Pro Baseball American League Hank Aaron	Sports
KXNHLPTS	Pro Hockey Points	Sports
KXPGATOP5	PGA Top 5 Finisher	Sports
KXAFCON	AFCON Champion	Sports
KXEREDIVISIE	Eredivisie League Winner	Sports
KXPUBG	PUBG Tournament Winner	Sports
KXWOBOB	Winter Olympics Bobsled	Sports
KXNFLLEADCHANGE	Pro Football Lead Changes	Sports
KXLIGAPORTUGALGAME	Liga Portugal Game	Sports
KXUFCHEAVYWEIGHTTITLE	UFC Heavyweight Title	Sports
KXLOSEREALMADRID	Real Madrid lose	Sports
KXCHOVYMVP	Will Chovy be the MVP of the Worlds finals	Sports
KXNEXTTEAMNFL	Pro Football Player Next Team	Sports
KXNFLWINS-DET	Pro football wins Detroit	Sports
KXSTARTIND	iNDIANAPOLIS WEEK 1 QB	Sports
KXNFLWINS-MIN	Pro football wins Minnesota	Sports
KXTHAIL1	Thai 1 League	Sports
KXNCAABSEC	SEC Men's Basketball Tournament	Sports
KXEWCHONOROFKINGS	Honor of Kings World Cup at 2025 Esports World Cup	Sports
KXNFLWINS-NYG	Pro football wins New York G	Sports
KXNFLEXACTWINSARI	Pro football exact wins Arizona	Sports
KXSUPERLIG	Turkish Super Lig Champion	Sports
KXEWCRB6	Rainbow Six at 2025 Esports World Cup	Sports
KXSPEEDCHESS	Speed Chess	Sports
KXFRA14CHAMP	France Top 14 Champion	Sports
KXNATHANDOGS	Nathan's hot dogs	Sports
KXNCAAFMAC	MAC Champion	Sports
KXUSOPENCUP	US Open Cup Soccer	Sports
KXNFLNONQBPASS	Pro Football Non-QB Passes	Sports
KXNHL	Stanley Cup	Sports
KXROCKETLEAGUEGAME	Rocket League Game	Sports
KXFFQBALLENMAHOMES	allen v mahomes	Sports
KX1HOMEGAME	First Home Game Opponent	Sports
KXFOMENSINGLES	French Open men's singles	Sports
KXNCAAMBSWAC	Southwestern Atlantic Conference Tournament	Sports
KXNFLEXACTWINSDEN	Pro football exact wins Denver	Sports
KXNBANORTHWEST	NBA Northwest Division Winner	Sports
KXWO-BOB	Winter Olympics Bobsled	Sports
KXNFLTRADE	NFL Trade	Sports
KXJOINNEYMARMIAMI	Inter Miami Neymar	Sports
KXCHLLDPGAME	Chile Liga de Primera Game	Sports
KXNDJOINCONF	Join Conference	Sports
KXNFC	NFC Championship	Sports
KXMARMADSEEDROUND	March Madness Seed Round	Sports
KXNHLPRES	NHL President's Trophy Winner	Sports
KXNBASPREAD	Pro Basketball Spread	Sports
KXVALGCSEOUL	Game Changers : Championship Seoul	Sports
KXTRANSFERCOUNTRM	Real Madrid transfer count	Sports
KXPGATOP20	PGA Top 20 Finisher	Sports
KXNFLSPREAD	Pro Football Spread	Sports
KXWBCF5	First 5 Winner	Sports
KXINDY500	Indy 500 Winner	Sports
KXNCAAFUNDEFEATED	Undefeated in College Football Regular Season	Sports
KXWOSSKATE	Winter Olympics Speed Skating	Sports
KXMLBWINS-LAA	Pro baseball wins Los Angeles A	Sports
KXNCAABBGAME	College Baseball Game	Sports
KXWOMHOCKEYFIRSTGOAL	Winter Olympics Hockey First Goal	Sports
KXSERIEA	Serie A 	Sports
KXWEISSENHAUS	Freestyle Chess Grand Slam Weissenhaus	Sports
KXCRICKETT20IMATCH	Cricket T20I Match	Sports
KXCRICKETWOMENT20IMATCH	Cricket Women T20I Match	Sports
KXSOCCERPLAYMESSI	Messi World Cup	Sports
KXWSNL	MLB National League champion	Sports
KXMLBALROTY	Pro Baseball American League Rookie of the Year	Sports
KXWBCBANTAMWEIGHTTITLE	Boxing Bantamweight Title	Sports
KXNFLDSTTD	Pro Football D/ST Touchdown	Sports
KXNBADRAFT2	NBA Draft Second Pick	Sports
KXNBAEAST	NBA Eastern Conference Championship	Sports
KXNEXTMANAGEREPL	Next Manager	Sports
KXCITYNBAEXPAND	Cities NBA expand	Sports
KXCOVEREA	Cover EA college sports	Sports
KXNCAAFSPREAD	College Football Spread	Sports
KXUFC	UFC Weightclass Champion	Sports
KXWOMHOCKEYFGOAL	Winter Olympics Hockey First Goal	Sports
KXNHLFINALSEXACT	NHL Championship Series Score	Sports
KXWNBAPORTNOY	WNBA Portnoy ban	Sports
KXNFLNEXTTD	Pro Football Next TD scorer	Sports
KXINDY500DELAY	Indy 500 delay	Sports
KXBOXINGVICROUND	Boxing Victory in Round	Sports
KXNFLTEAMTOTAL	Pro Football Team Total Points	Sports
KXNBAPREPACK3ML	3ML Basketball Combo	Sports
KXUELSPREAD	Europa League Spread	Sports
KXMARMADCONF	March Madness Conference	Sports
KXNFLSACKRECORD	NFL Regular Season Sack Record	Sports
KXNASCARRACE	NASCAR Race	Sports
KXNCAAFPREPACK3ML	MVE NCAAF Pre Pack	Sports
KXDFBPOKALADVANCE	DFB Pokal Advance	Sports
KXRANKLISTREALSPORTS	Real Sports Top 10 App	Sports
KXINDYCARSERIES	IndyCar Series Champion	Sports
KXPIZZASCORE9	Pizza score 9	Sports
KXWORLDSMVP	Worlds MVP?	Sports
KXCFPSEED	College Football Playoff Seed	Sports
KXGENESISINVITATIONAL	Genesis Invitational Winner?	Sports
KXSIXNATIONS	Six Nations Champion	Sports
KXEFLPROMO	EFL Promotion	Sports
KXNFL2QSPREAD	Pro Football 2nd Quarter Spread	Sports
KXNFLEXACTWINSMIN	Pro football exact wins Minnesota	Sports
KXUSOPEN	US Open	Sports
KXMLBTRADE	MLB trades	Sports
KXMLBWINS-NYM	Pro baseball wins New York M	Sports
KXUFLUSFLCONF	UFL USFL Conference Champion	Sports
KXLEADERMLBRBI	MLB RBIs Leader	Sports
KXUFCFEATHERWEIGHTTITLE	UFC Featherweight Title	Sports
KXNEWCOACHDAL	Dallas Cowboys new coach	Sports
KXUEL16FCSBPAOK	Europa League round of 16 - FCSB PAOK	Sports
KXF1OCCUR	Formula 1 Event Occurrence	Sports
KXF1FASTESTLAP	F1 Fastest Lap	Sports
KXUNRIVALEDGAME	Unrivaled Basketball Game	Sports
KXBELGIANPL	Belgian Pro League Champion	Sports
KXBRASILEIRO	Brasileiro Winner	Sports
KXMARMADSEEDWIN	March Madness Seed Win	Sports
KXTRINITYRODMANNWSL	Trinity Rodman NWSL	Sports
KXNCAAFAPRANK	College Football AP Rank	Sports
KXNEXTTEAMWESTBROOK	RUSSELL WESTBROOK NEXT TEAM	Sports
KXACQUIRELADSKENES	Los Angeles D acquire Paul Skenes	Sports
KXVALPL	Valorant Predator League	Sports
KXNFLPREPACK1Q1H	MVE NFL Pre Pack	Sports
KXUNTCOACH	North Texas Next Coach	Sports
KXEPLTOP2	Top 2 Finishers	Sports
KXFLOYDTYSONFIGHT	Floyd vs Tyson Fight	Sports
KXNFL4DCONV	Pro Football 4th Down Conversions	Sports
KXACQUIREBARCA	Barcelona acquire	Sports
KXNFLRECYDSRECORD	NFL Regular Season Receiving Yards Record	Sports
KXEWCCS2	ESPORTS WORLD CUP COUNTER STRIKE 2	Sports
KXMLBWSTREAK	Longest Winning Streak	Sports
KXCHRISTMASHORNETS	Christmas Hornets	Sports
KXNCAAFPREPACK2ML	MVE NCAAF Pre Pack	Sports
KXPGA3BALL	PGA 3-Ball	Sports
KXCONCACAFCCUPGAME	CONCACAF Champions Cup Game	Sports
KXA10REG	A10 Regular Season Champions	Sports
KXSWISSLEAGUEGAME	Swiss Super League Game	Sports
KXSTEPHDEAL	Steph Curry Endorsement Deal	Sports
KXNEXTEAMTYREEK	Tyreek Hill next team	Sports
KXNCAAMBACC	ACC Conference Tournament	Sports
KXLEADERNFLRUSHYDS	NFL leader rushing yards	Sports
KXEWCRENNSPORT	2025 Mid-Season Invitational	Sports
KXMLBWINS-BAL	Pro baseball wins Baltimore	Sports
KXTACAPORTGAME	Taca de Portugal Game	Sports
KXPGAMAKECUT	PGA To Make Cut	Sports
KXFACUPTOTAL	FA Cup Total	Sports
KXLEADERMLBOPS	MLB OPS Leader	Sports
KXWBCHR	World Baseball Classic Homerun	Sports
KXEFLCUPSPREAD	EFL Cup Spread	Sports
KXLIGUE1GAME	Ligue 1 Game	Sports
KXATPEXACTMATCH	ATP Exact Match Score	Sports
KXMLBNLWEST	National League West Winner	Sports
KXNBLGAME	NBL Basketball Game	Sports
KXFACUPGAME	FA Cup Game	Sports
KXCS2IEMCOLOGNE	CS2: IEM Cologne	Sports
KXDAVISCUPMATCH	Davis Cup Match	Sports
KXROSTERT1	Roster T1	Sports
KXMLBALCPOTY	Pro Baseball American League Comeback Player of the Year	Sports
KXPGARYDERTOP3	Ryder Cup Top 3 Points Scorer	Sports
KXNCAAMBSEC	SEC Conference Tournament	Sports
KXNFLFANTASYMOST	Pro Football Most Fantasy Points	Sports
KXSTARTNOTREDAME	NOTREDAME WEEK 1 QB	Sports
KXLEADERNFLRTDS	NFL leader receiving TDs	Sports
KXCLUBWCGD	Club World Club Group D	Sports
KXPGARETURN	PGA Returning Players	Sports
KXUEL16RSOFCM	Europa League round of 16 - RSO FCM	Sports
KXNBADPOY	Pro Basketball Defensive Player of the Year	Sports
KXNCAAFACC	ACC Champion	Sports
KXRUGBYNRLMATCH	Rugby NRL Match	Sports
KXF1RACETOP5	F1 Race Top 5 Finishers	Sports
KXEFLCUPTOTAL	EFL Cup Total	Sports
KXNBADRAFTPICK	Pro Basketball Draft Pick	Sports
KXUEL	Europa Leauge champion	Sports
KXEPLANYGOAL	EPL Anytime Goalscorer	Sports
KXJOINDAVID	Jonathan David transfer	Sports
KXNCAAHOCKEYGAME	College Hockey Game	Sports
KXPGAPLAYOFF	Golf Playoff	Sports
KXBSLGAME	Turkey BSL Game	Sports
KXUKCOACH	Kentucky Next Coach	Sports
KXALEAGUETOTAL	Australia A League Total	Sports
KXNCAAMB1HSPREAD	Men's College Basketball 1H Spread	Sports
KXJOINMBAPPE	Kylian Mbappe next team	Sports
KXFACUPSPREAD	FA Cup Game	Sports
KXLEADERUCLGOALS	UCL Top Goalscorer	Sports
KXMLBWINS-CHC	Pro baseball wins Chicago C	Sports
KXNFLWINS-TEN	Pro football wins Tennessee	Sports
KXT20FIRST6	T20 First 6 Overs Winner	Sports
KXNBAFINALSEXACT	Pro Basketball Championship Series Score	Sports
KXMENWORLDCUP	Men's World Cup winner	Sports
KXNEXTTEAMMICAH	Micah Parsons next team	Sports
KXUSAF1	4th USA F1 race	Sports
KXSERIEAGAME	Serie A Game	Sports
KXOKSTCOACH	Oklahoma State Next Coach	Sports
KXALPHAARENALEV	Max Leverage	Sports
KXNBA4QWINNER	NBA 4th Quarter Winner	Sports
KXEWCRSS	Rainbow Six at 2025 Esports World Cup	Sports
KXDIMAYORGAME	Liga DIMAYOR Game	Sports
KXWTASERENA	Serena Williams WTA	Sports
KXEWCEASPORTSFC	EA SPORTS FC 25 at 2025 Esports World Cup WINNER	Sports
KXF1QUALIFY	Formula 1 Qualify	Sports
KXRANKLISTFFRB	TOP FANTASY FOOTBALL RB	Sports
KXNFLCPOTY	AP Pro Football Comeback Player of the Year	Sports
KXECULP	Ecuador Liga Pro	Sports
KXCOACHOUTAUB	HUGH FREEZE OUT 2026	Sports
KXNBAFINMVP	Pro Basketball Finals MVP	Sports
KXNCAAMBSOCON	Southern Conference Tournament	Sports
KXNBACELEBRITY3PT	NBA Celebrity 3PT Contest	Sports
KXNATHANSHD	Nathan's Hot Dog Eating Contest winner?	Sports
KXWO-ALPSKI	Winter Olympics Alpine Skiing	Sports
KXCS2QUALIFIERS	CS2 Qualifier	Sports
KXLEADERMLBTRIPLES	MLB Triples Leader	Sports
KXNCAAPLAYOFF	College Football Playoff Qualifiers	Sports
KXPREMIERLEAGUE	PREMIER LEAGUE	Sports
KXNCAALAXFINAL	College Lacrosse National Championship	Sports
KXSINQUEFIELDCHESS	CHESS SINQUEFIELD	Sports
